instr,side,entry_date,exit_date,entry_close,exit_close,pnl_pct,duration_days,exit_reason
GOLD,short,2010-02-04,2010-02-16,1062.400024,1119.300049,-0.053558,12,stop
GOLD,long,2010-02-17,2010-03-12,1119.500000,1101.500000,-0.016079,23,reversion
GOLD,short,2010-03-24,2010-03-31,1088.599976,1113.300049,-0.022690,7,stop
GOLD,long,2010-04-05,2010-05-20,1132.900024,1187.800049,0.048460,45,reversion
GOLD,long,2010-06-08,2010-07-01,1244.000000,1206.300049,-0.030305,23,stop
GOLD,short,2010-07-06,2010-08-05,1194.800049,1197.199951,-0.002009,30,reversion
GOLD,long,2010-08-12,2010-10-21,1214.800049,1324.699951,0.090467,70,reversion
GOLD,long,2010-11-04,2010-11-16,1382.699951,1338.300049,-0.032111,12,stop
GOLD,long,2010-12-06,2010-12-16,1415.300049,1370.400024,-0.031725,10,stop
GOLD,long,2010-12-31,2011-01-04,1421.099976,1378.500000,-0.029977,4,stop
GOLD,short,2011-01-07,2011-02-03,1368.500000,1352.300049,0.011838,27,reversion
GOLD,long,2011-02-15,2011-03-15,1373.599976,1392.599976,0.013832,28,reversion
GOLD,long,2011-03-23,2011-05-05,1437.900024,1480.900024,0.029905,43,reversion
GOLD,short,2011-05-17,2011-05-24,1479.800049,1523.199951,-0.029328,7,stop
GOLD,long,2011-06-01,2011-06-10,1542.400024,1528.599976,-0.008947,9,reversion
GOLD,long,2011-06-22,2011-06-23,1552.900024,1520.099976,-0.021122,1,stop
GOLD,short,2011-06-24,2011-07-07,1500.500000,1530.199951,-0.019793,13,reversion
GOLD,long,2011-07-12,2011-09-15,1561.900024,1778.500000,0.138677,65,reversion
GOLD,short,2011-09-22,2011-10-10,1739.199951,1669.599976,0.040018,18,reversion
GOLD,long,2011-10-25,2011-11-17,1699.599976,1719.800049,0.011885,23,reversion
GOLD,short,2011-12-12,2012-01-05,1664.199951,1619.400024,0.026920,24,reversion
GOLD,long,2012-01-11,2012-02-14,1639.199951,1715.900024,0.046791,34,reversion
GOLD,long,2012-02-21,2012-02-29,1757.099976,1709.900024,-0.026862,8,reversion
GOLD,short,2012-03-02,2012-04-12,1708.800049,1679.500000,0.017147,41,reversion
GOLD,short,2012-05-08,2012-06-01,1604.000000,1620.500000,-0.010287,24,reversion
GOLD,long,2012-06-06,2012-06-21,1632.800049,1564.500000,-0.041830,15,stop
GOLD,short,2012-06-28,2012-06-29,1549.699951,1603.500000,-0.034716,1,stop
GOLD,long,2012-08-20,2012-10-12,1620.099976,1758.000000,0.085118,53,reversion
GOLD,short,2012-10-15,2012-11-08,1736.000000,1725.400024,0.006106,24,reversion
GOLD,long,2012-11-19,2012-11-30,1734.000000,1710.900024,-0.013322,11,reversion
GOLD,short,2012-12-04,2013-01-02,1694.400024,1687.900024,0.003836,29,reversion
GOLD,long,2013-01-17,2013-01-25,1690.400024,1656.400024,-0.020114,8,reversion
GOLD,short,2013-02-11,2013-03-15,1648.199951,1592.500000,0.033794,32,reversion
GOLD,short,2013-04-03,2013-04-09,1552.800049,1586.199951,-0.021509,6,stop
GOLD,short,2013-04-12,2013-04-29,1501.000000,1467.400024,0.022385,17,reversion
GOLD,short,2013-05-16,2013-05-30,1387.099976,1411.500000,-0.017591,14,reversion
GOLD,short,2013-06-18,2013-07-11,1366.599976,1280.099976,0.063296,23,reversion
GOLD,long,2013-07-19,2013-08-05,1293.300049,1302.599976,0.007191,17,reversion
GOLD,long,2013-08-15,2013-09-10,1361.599976,1364.099976,0.001836,26,reversion
GOLD,short,2013-09-12,2013-10-22,1330.400024,1342.500000,-0.009095,40,reversion
GOLD,long,2013-10-24,2013-11-01,1350.199951,1313.099976,-0.027477,8,reversion
GOLD,short,2013-11-12,2013-12-10,1271.099976,1262.400024,0.006844,28,reversion
GOLD,short,2013-12-19,2014-01-02,1195.000000,1225.000000,-0.025105,14,reversion
GOLD,long,2014-01-10,2014-03-20,1246.699951,1330.500000,0.067217,69,reversion
GOLD,short,2014-03-24,2014-04-10,1311.199951,1320.099976,-0.006788,17,reversion
GOLD,short,2014-05-27,2014-06-11,1265.400024,1260.800049,0.003635,15,reversion
GOLD,long,2014-06-19,2014-07-08,1313.699951,1316.000000,0.001751,19,reversion
GOLD,long,2014-07-10,2014-07-14,1338.699951,1306.300049,-0.024203,4,stop
GOLD,short,2014-07-24,2014-08-06,1290.599976,1306.699951,-0.012475,13,reversion
GOLD,short,2014-08-21,2014-10-09,1273.699951,1224.599976,0.038549,49,reversion
GOLD,long,2014-10-15,2014-10-29,1244.099976,1224.300049,-0.015915,14,reversion
GOLD,short,2014-10-31,2014-11-14,1171.099976,1185.000000,-0.011869,14,reversion
GOLD,long,2014-12-01,2014-12-22,1218.000000,1179.699951,-0.031445,21,stop
GOLD,short,2014-12-24,2014-12-30,1173.500000,1200.199951,-0.022752,6,reversion
GOLD,long,2015-01-12,2015-01-29,1232.699951,1254.599976,0.017766,17,reversion
GOLD,short,2015-02-10,2015-03-20,1231.599976,1184.800049,0.037999,38,reversion
GOLD,long,2015-04-01,2015-04-22,1208.099976,1186.900024,-0.017548,21,reversion
GOLD,short,2015-04-24,2015-04-27,1175.199951,1203.300049,-0.023911,3,reversion
GOLD,short,2015-05-01,2015-05-13,1174.500000,1218.400024,-0.037378,12,stop
GOLD,long,2015-05-14,2015-05-26,1225.400024,1187.199951,-0.031174,12,stop
GOLD,short,2015-06-04,2015-06-18,1174.900024,1201.500000,-0.022640,14,stop
GOLD,short,2015-07-02,2015-08-10,1163.000000,1104.199951,0.050559,39,reversion
GOLD,long,2015-08-19,2015-09-04,1128.099976,1120.599976,-0.006648,16,reversion
GOLD,short,2015-09-09,2015-09-18,1102.199951,1138.099976,-0.032571,9,stop
GOLD,long,2015-09-24,2015-09-29,1153.800049,1127.099976,-0.023141,5,stop
GOLD,long,2015-10-09,2015-10-29,1156.300049,1147.199951,-0.007870,20,reversion
GOLD,short,2015-11-02,2015-12-04,1135.800049,1084.500000,0.045166,32,reversion
GOLD,short,2015-12-17,2015-12-21,1050.800049,1081.900024,-0.029596,4,stop
GOLD,long,2016-01-06,2016-03-16,1091.900024,1229.300049,0.125836,70,reversion
GOLD,short,2016-03-28,2016-04-07,1219.900024,1236.199951,-0.013362,10,reversion
GOLD,long,2016-04-28,2016-05-19,1265.500000,1254.199951,-0.008929,21,reversion
GOLD,short,2016-05-24,2016-06-08,1228.900024,1259.800049,-0.025144,15,reversion
GOLD,long,2016-06-13,2016-06-23,1284.400024,1261.199951,-0.018063,10,reversion
GOLD,long,2016-06-24,2016-07-15,1320.000000,1326.500000,0.004924,21,reversion
GOLD,short,2016-08-24,2016-09-06,1324.400024,1349.400024,-0.018876,13,reversion
GOLD,short,2016-09-16,2016-09-22,1305.800049,1340.400024,-0.026497,6,stop
GOLD,short,2016-10-04,2016-10-19,1266.300049,1267.900024,-0.001264,15,reversion
GOLD,long,2016-11-01,2016-11-10,1286.400024,1265.500000,-0.016247,9,stop
GOLD,short,2016-11-14,2016-12-29,1221.199951,1156.400024,0.053063,45,reversion
GOLD,long,2017-01-05,2017-01-26,1179.699951,1189.500000,0.008307,21,reversion
GOLD,long,2017-02-02,2017-03-02,1216.699951,1231.900024,0.012493,28,reversion
GOLD,short,2017-03-07,2017-03-17,1215.099976,1229.800049,-0.012098,10,reversion
GOLD,long,2017-04-11,2017-04-25,1271.199951,1265.599976,-0.004405,14,reversion
GOLD,short,2017-05-04,2017-05-17,1226.500000,1257.500000,-0.025275,13,stop
GOLD,long,2017-05-26,2017-06-15,1267.599976,1252.199951,-0.012149,20,reversion
GOLD,short,2017-06-19,2017-07-17,1244.199951,1232.800049,0.009162,28,reversion
GOLD,long,2017-07-27,2017-09-15,1259.599976,1320.400024,0.048269,50,reversion
GOLD,short,2017-09-27,2017-10-12,1283.400024,1293.300049,-0.007714,15,reversion
GOLD,short,2017-10-26,2017-11-06,1266.300049,1279.400024,-0.010345,11,reversion
GOLD,long,2017-11-17,2017-11-20,1295.800049,1274.599976,-0.016361,3,stop
GOLD,short,2017-12-05,2017-12-20,1261.599976,1266.099976,-0.003567,15,reversion
GOLD,long,2017-12-27,2018-02-06,1287.000000,1326.099976,0.030381,41,reversion
GOLD,short,2018-02-07,2018-02-14,1311.599976,1355.500000,-0.033471,7,stop
GOLD,short,2018-03-01,2018-03-06,1302.900024,1333.599976,-0.023563,5,stop
GOLD,long,2018-03-23,2018-03-28,1349.300049,1324.199951,-0.018602,5,stop
GOLD,long,2018-04-11,2018-04-23,1356.500000,1322.500000,-0.025065,12,stop
GOLD,short,2018-04-25,2018-05-10,1321.199951,1320.800049,0.000303,15,reversion
GOLD,short,2018-05-15,2018-06-14,1288.900024,1304.000000,-0.011715,30,reversion
GOLD,short,2018-06-15,2018-08-27,1274.599976,1209.000000,0.051467,73,reversion
GOLD,short,2018-09-27,2018-10-02,1182.300049,1202.400024,-0.017001,5,stop
GOLD,long,2018-10-11,2018-10-31,1223.500000,1212.300049,-0.009154,20,reversion
GOLD,long,2018-11-01,2018-11-09,1236.000000,1206.400024,-0.023948,8,stop
GOLD,short,2018-11-12,2018-11-16,1201.300049,1220.800049,-0.016232,4,stop
GOLD,long,2018-12-03,2019-01-18,1233.900024,1281.300049,0.038415,46,reversion
GOLD,long,2019-01-25,2019-03-01,1297.400024,1296.400024,-0.000771,35,reversion
GOLD,short,2019-03-04,2019-03-13,1284.800049,1307.500000,-0.017668,9,stop
GOLD,short,2019-04-15,2019-05-10,1286.800049,1285.699951,0.000855,25,reversion
GOLD,long,2019-05-13,2019-05-16,1300.099976,1285.000000,-0.011614,3,stop
GOLD,long,2019-05-31,2019-09-06,1305.800049,1506.199951,0.153469,98,reversion
GOLD,short,2019-09-10,2019-09-23,1490.300049,1523.699951,-0.022412,13,reversion
GOLD,short,2019-09-30,2019-10-03,1465.699951,1507.099976,-0.028246,3,stop
GOLD,long,2019-10-31,2019-11-05,1511.400024,1480.800049,-0.020246,5,stop
GOLD,short,2019-11-07,2019-12-03,1464.199951,1478.199951,-0.009562,26,reversion
GOLD,long,2019-12-23,2020-02-04,1482.500000,1550.400024,0.045801,43,reversion
GOLD,long,2020-02-18,2020-02-28,1600.000000,1564.099976,-0.022438,10,stop
GOLD,long,2020-03-09,2020-03-12,1674.500000,1589.300049,-0.050881,3,stop
GOLD,short,2020-03-13,2020-03-24,1515.699951,1660.199951,-0.095335,11,stop
GOLD,long,2020-04-06,2020-06-03,1677.000000,1697.800049,0.012403,58,reversion
GOLD,short,2020-06-05,2020-06-11,1676.199951,1732.000000,-0.033290,6,stop
GOLD,long,2020-06-19,2020-08-11,1745.900024,1932.599976,0.106936,53,reversion
GOLD,short,2020-08-24,2020-09-16,1927.699951,1960.199951,-0.016859,23,reversion
GOLD,short,2020-09-21,2020-10-05,1901.199951,1912.500000,-0.005944,14,reversion
GOLD,long,2020-10-21,2020-10-28,1924.599976,1876.199951,-0.025148,7,stop
GOLD,short,2020-10-29,2020-11-03,1865.599976,1908.500000,-0.022995,5,stop
GOLD,long,2020-11-05,2020-11-09,1945.300049,1853.199951,-0.047345,4,stop
GOLD,short,2020-11-23,2020-12-07,1837.800049,1861.800049,-0.013059,14,reversion
GOLD,long,2020-12-17,2021-01-08,1887.199951,1834.099976,-0.028137,22,stop
GOLD,short,2021-01-15,2021-03-18,1829.300049,1732.199951,0.053080,62,reversion
GOLD,long,2021-04-06,2021-04-30,1741.500000,1767.300049,0.014815,24,reversion
GOLD,long,2021-05-06,2021-06-03,1815.500000,1871.199951,0.030680,28,reversion
GOLD,short,2021-06-14,2021-07-02,1864.000000,1782.599976,0.043670,18,reversion
GOLD,long,2021-07-15,2021-07-23,1828.400024,1801.400024,-0.014767,8,reversion
GOLD,long,2021-07-29,2021-08-06,1831.199951,1760.000000,-0.038882,8,stop
GOLD,short,2021-08-09,2021-08-13,1723.400024,1775.199951,-0.030057,4,stop
GOLD,long,2021-09-03,2021-09-08,1830.900024,1790.699951,-0.021956,5,stop
GOLD,short,2021-09-16,2021-10-13,1754.599976,1793.699951,-0.022284,27,stop
GOLD,long,2021-10-14,2021-11-03,1796.699951,1763.599976,-0.018423,20,reversion
GOLD,long,2021-11-05,2021-11-22,1816.400024,1806.000000,-0.005726,17,reversion
GOLD,short,2021-12-02,2021-12-13,1760.699951,1786.300049,-0.014540,11,reversion
GOLD,long,2021-12-23,2022-01-06,1811.199951,1788.699951,-0.012423,14,reversion
GOLD,long,2022-01-19,2022-01-27,1843.099976,1793.300049,-0.027020,8,stop
GOLD,short,2022-01-28,2022-02-07,1784.900024,1820.599976,-0.020001,10,stop
GOLD,long,2022-02-14,2022-03-16,1868.000000,1908.000000,0.021413,30,reversion
GOLD,long,2022-04-12,2022-04-22,1972.099976,1931.000000,-0.020841,10,reversion
GOLD,short,2022-04-25,2022-05-24,1893.199951,1865.099976,0.014843,29,reversion
GOLD,long,2022-06-10,2022-06-13,1871.500000,1828.000000,-0.023243,3,stop
GOLD,short,2022-06-14,2022-07-28,1809.500000,1750.300049,0.032716,44,reversion
GOLD,long,2022-08-02,2022-08-18,1771.099976,1755.300049,-0.008921,16,reversion
GOLD,short,2022-08-30,2022-10-03,1723.199951,1692.900024,0.017584,34,reversion
GOLD,short,2022-11-03,2022-11-04,1627.300049,1672.500000,-0.027776,1,stop
GOLD,long,2022-11-08,2023-02-02,1712.099976,1916.300049,0.119269,86,reversion
GOLD,short,2023-02-03,2023-03-03,1862.900024,1847.699951,0.008159,28,reversion
GOLD,long,2023-03-13,2023-04-21,1911.699951,1979.500000,0.035466,39,reversion
GOLD,long,2023-05-04,2023-05-16,2048.000000,1988.400024,-0.029102,12,stop
GOLD,short,2023-05-18,2023-07-07,1956.500000,1926.199951,0.015487,50,reversion
GOLD,long,2023-07-13,2023-07-27,1959.199951,1945.400024,-0.007044,14,reversion
GOLD,short,2023-08-08,2023-08-23,1924.099976,1918.500000,0.002910,15,reversion
GOLD,long,2023-08-30,2023-09-06,1944.300049,1918.099976,-0.013475,7,stop
GOLD,long,2023-09-20,2023-09-21,1945.599976,1919.199951,-0.013569,1,stop
GOLD,short,2023-09-26,2023-10-11,1900.400024,1872.800049,0.014523,15,reversion
GOLD,long,2023-10-18,2023-11-07,1955.300049,1966.800049,0.005881,20,reversion
GOLD,long,2023-11-21,2023-12-08,1999.300049,1998.300049,-0.000500,17,reversion
GOLD,long,2023-12-27,2024-01-03,2081.899902,2034.199951,-0.022912,7,reversion
GOLD,short,2024-01-11,2024-01-12,2014.300049,2046.699951,-0.016085,1,stop
GOLD,short,2024-01-17,2024-01-30,2002.599976,2031.500000,-0.014431,13,reversion
GOLD,long,2024-01-31,2024-02-12,2048.399902,2018.199951,-0.014743,12,reversion
GOLD,short,2024-02-13,2024-02-23,1992.900024,2038.599976,-0.022931,10,stop
GOLD,long,2024-03-01,2024-04-23,2086.899902,2327.699951,0.115386,53,reversion
GOLD,long,2024-05-17,2024-05-23,2412.199951,2335.000000,-0.032004,6,stop
GOLD,short,2024-06-07,2024-07-03,2305.199951,2359.800049,-0.023686,26,reversion
GOLD,long,2024-07-05,2024-07-25,2388.500000,2351.899902,-0.015323,20,reversion
GOLD,long,2024-08-13,2024-10-08,2466.699951,2615.000000,0.060121,56,reversion
GOLD,long,2024-10-16,2024-11-06,2674.000000,2667.600098,-0.002393,21,reversion
GOLD,short,2024-11-11,2024-11-21,2611.199951,2672.100098,-0.023323,10,stop
GOLD,long,2024-12-11,2024-12-13,2733.800049,2656.000000,-0.028459,2,stop
SILVER,short,2010-02-04,2010-02-16,15.343000,16.150000,-0.052597,12,stop
SILVER,long,2010-03-02,2010-03-22,17.044001,16.920000,-0.007275,20,reversion
SILVER,long,2010-03-31,2010-04-16,17.511999,17.669001,0.008965,16,reversion
SILVER,long,2010-04-29,2010-05-04,18.549000,17.818001,-0.039409,5,stop
SILVER,short,2010-05-05,2010-05-07,17.511000,18.429001,-0.052424,2,stop
SILVER,long,2010-05-11,2010-05-19,19.271999,18.091000,-0.061281,8,stop
SILVER,short,2010-06-04,2010-06-07,17.290001,18.153000,-0.049913,3,stop
SILVER,long,2010-06-17,2010-07-01,18.767000,17.760000,-0.053658,14,stop
SILVER,short,2010-07-19,2010-08-02,17.534000,18.403000,-0.049561,14,stop
SILVER,long,2010-08-03,2011-01-05,18.407000,29.173000,0.584886,155,reversion
SILVER,short,2011-01-14,2011-02-03,28.309000,28.733000,-0.014978,20,reversion
SILVER,long,2011-02-08,2011-03-15,30.271000,34.116001,0.127019,35,reversion
SILVER,long,2011-03-22,2011-05-03,36.271000,42.576000,0.173830,42,reversion
SILVER,short,2011-05-04,2011-05-25,39.382999,37.639999,0.044258,21,reversion
SILVER,short,2011-06-24,2011-07-07,34.640999,36.528000,-0.054473,13,reversion
SILVER,long,2011-07-13,2011-08-05,38.147999,38.196999,0.001284,23,reversion
SILVER,long,2011-08-19,2011-08-24,42.428001,39.157001,-0.077095,5,stop
SILVER,short,2011-09-19,2011-10-12,39.110001,32.754002,0.162516,23,reversion
SILVER,long,2011-10-25,2011-11-16,33.034000,33.813999,0.023612,22,reversion
SILVER,short,2011-11-21,2012-01-03,31.113001,29.533001,0.050783,43,reversion
SILVER,long,2012-01-11,2012-02-17,29.858000,33.200001,0.111930,37,reversion
SILVER,long,2012-02-21,2012-03-06,34.412998,32.741001,-0.048586,14,stop
SILVER,short,2012-03-14,2012-04-02,32.146999,33.083000,-0.029116,19,reversion
SILVER,short,2012-04-04,2012-06-06,31.028999,29.476000,0.050050,63,reversion
SILVER,short,2012-06-21,2012-07-03,26.833000,28.243000,-0.052547,12,stop
SILVER,long,2012-08-07,2012-10-12,28.075001,33.632999,0.197970,66,reversion
SILVER,short,2012-10-15,2012-11-09,32.707001,32.590000,0.003577,25,reversion
SILVER,long,2012-11-19,2012-12-04,33.181000,32.734001,-0.013472,15,reversion
SILVER,short,2012-12-13,2013-01-14,32.279999,31.080000,0.037175,32,reversion
SILVER,long,2013-01-16,2013-01-28,31.514000,30.756001,-0.024053,12,reversion
SILVER,short,2013-02-14,2013-03-21,30.343000,29.179001,0.038361,35,reversion
SILVER,short,2013-03-28,2013-04-30,28.292000,24.143999,0.146614,33,reversion
SILVER,short,2013-05-15,2013-05-30,22.643000,22.674000,-0.001369,15,reversion
SILVER,short,2013-06-07,2013-07-11,21.737000,19.943001,0.082532,34,reversion
SILVER,long,2013-07-22,2013-08-06,20.497999,19.514999,-0.047956,15,reversion
SILVER,long,2013-08-12,2013-09-10,21.332001,22.966000,0.076598,29,reversion
SILVER,short,2013-09-12,2013-10-07,22.099001,22.339001,-0.010860,25,reversion
SILVER,long,2013-10-22,2013-10-31,22.754000,21.832001,-0.040520,9,stop
SILVER,short,2013-11-12,2013-12-10,20.768000,20.256001,0.024653,28,reversion
SILVER,long,2014-01-10,2014-01-24,20.201000,19.743000,-0.022672,14,reversion
SILVER,short,2014-01-30,2014-02-05,19.111000,19.785000,-0.035268,6,stop
SILVER,long,2014-02-12,2014-02-28,20.330999,21.204000,0.042939,16,reversion
SILVER,short,2014-03-20,2014-04-08,20.403999,20.042000,0.017742,19,reversion
SILVER,short,2014-04-15,2014-05-14,19.478001,19.735001,-0.013194,29,reversion
SILVER,short,2014-05-29,2014-06-10,18.983000,19.146999,-0.008639,12,reversion
SILVER,long,2014-06-12,2014-07-14,19.514999,20.864000,0.069126,32,reversion
SILVER,short,2014-07-24,2014-10-15,20.375999,17.415001,0.145318,83,reversion
SILVER,short,2014-10-30,2014-11-14,16.391001,16.309999,0.004942,15,reversion
SILVER,long,2014-12-01,2014-12-16,16.648001,15.715000,-0.056043,15,stop
SILVER,short,2014-12-31,2015-01-06,15.565000,16.603001,-0.066688,6,stop
SILVER,long,2015-01-13,2015-01-29,17.125000,16.757999,-0.021431,16,reversion
SILVER,short,2015-02-17,2015-03-20,16.362000,16.867001,-0.030864,31,reversion
SILVER,long,2015-03-23,2015-04-08,16.872000,16.440001,-0.025605,16,reversion
SILVER,short,2015-04-20,2015-04-27,15.883000,16.389999,-0.031921,7,stop
SILVER,long,2015-05-13,2015-05-27,17.207001,16.638000,-0.033068,14,reversion
SILVER,short,2015-06-04,2015-06-18,16.089001,16.148001,-0.003667,14,reversion
SILVER,short,2015-06-23,2015-08-07,15.732000,14.816000,0.058225,45,reversion
SILVER,long,2015-08-12,2015-08-18,15.473000,14.787000,-0.044335,6,stop
SILVER,long,2015-08-20,2015-08-24,15.517000,14.762000,-0.048656,4,stop
SILVER,short,2015-08-26,2015-08-31,14.045000,14.577000,-0.037878,5,stop
SILVER,long,2015-09-21,2015-09-28,15.216000,14.538000,-0.044558,7,stop
SILVER,long,2015-10-02,2015-10-21,15.257000,15.696000,0.028774,19,reversion
SILVER,long,2015-10-28,2015-10-29,16.288000,15.544000,-0.045678,1,stop
SILVER,short,2015-11-02,2015-12-04,15.413000,14.505000,0.058911,32,reversion
SILVER,short,2015-12-11,2015-12-21,13.859000,14.301000,-0.031893,10,stop
SILVER,long,2016-01-26,2016-02-22,14.544000,15.179000,0.043661,27,reversion
SILVER,long,2016-03-17,2016-03-23,16.021999,15.263000,-0.047372,6,stop
SILVER,short,2016-04-01,2016-04-11,15.042000,15.974000,-0.061960,10,stop
SILVER,long,2016-04-12,2016-05-19,16.219999,16.479000,0.015968,37,reversion
SILVER,short,2016-05-23,2016-06-06,16.410000,16.427999,-0.001097,14,reversion
SILVER,long,2016-06-09,2016-07-20,17.253000,19.582001,0.134991,41,reversion
SILVER,long,2016-08-01,2016-08-12,20.465000,19.672001,-0.038749,11,reversion
SILVER,short,2016-08-19,2016-09-06,19.301001,20.049000,-0.038754,18,stop
SILVER,short,2016-10-04,2016-10-25,17.712999,17.736000,-0.001299,21,reversion
SILVER,long,2016-11-01,2016-11-14,18.385000,16.877001,-0.082023,13,stop
SILVER,short,2016-11-17,2016-12-02,16.761000,16.753000,0.000477,15,reversion
SILVER,short,2016-12-15,2016-12-29,15.897000,16.163000,-0.016733,14,reversion
SILVER,long,2017-01-17,2017-03-02,17.101999,17.705000,0.035259,44,reversion
SILVER,short,2017-03-07,2017-03-21,17.492001,17.549999,-0.003316,14,reversion
SILVER,long,2017-03-31,2017-04-10,18.235001,17.893999,-0.018700,10,reversion
SILVER,long,2017-04-13,2017-04-19,18.489000,18.136000,-0.019092,6,stop
SILVER,short,2017-04-25,2017-05-17,17.580999,16.851999,0.041465,22,reversion
SILVER,long,2017-05-26,2017-06-09,17.283001,17.193001,-0.005207,14,reversion
SILVER,short,2017-06-16,2017-07-17,16.636000,16.049999,0.035225,31,reversion
SILVER,long,2017-07-28,2017-08-04,16.664000,16.222000,-0.026524,7,reversion
SILVER,long,2017-08-09,2017-09-15,16.834000,17.611000,0.046157,37,reversion
SILVER,short,2017-09-21,2017-10-10,16.937000,17.155001,-0.012871,19,reversion
SILVER,long,2017-11-17,2017-11-20,17.358000,16.827000,-0.030591,3,stop
SILVER,short,2017-11-29,2017-12-20,16.457001,16.188000,0.016346,21,reversion
SILVER,long,2017-12-27,2018-01-18,16.618999,16.893000,0.016487,22,reversion
SILVER,long,2018-01-24,2018-01-30,17.424999,17.013000,-0.023644,6,stop
SILVER,short,2018-02-02,2018-03-06,16.676001,16.715000,-0.002339,32,reversion
SILVER,short,2018-03-20,2018-03-26,16.125000,16.632000,-0.031442,6,stop
SILVER,long,2018-04-11,2018-04-27,16.738001,16.406000,-0.019835,16,reversion
SILVER,short,2018-05-01,2018-05-04,16.039000,16.434000,-0.024627,3,stop
SILVER,long,2018-06-07,2018-06-15,16.766001,16.452000,-0.018728,8,stop
SILVER,short,2018-06-19,2018-09-20,16.302999,14.215000,0.128075,93,reversion
SILVER,long,2018-09-28,2018-10-08,14.623000,14.259000,-0.024892,10,stop
SILVER,long,2018-10-15,2018-10-29,14.656000,14.377000,-0.019037,14,reversion
SILVER,short,2018-10-31,2018-11-01,14.229000,14.729000,-0.035140,1,stop
SILVER,short,2018-11-09,2018-11-19,14.103000,14.381000,-0.019712,10,stop
SILVER,long,2018-12-07,2019-01-17,14.572000,15.467000,0.061419,41,reversion
SILVER,long,2019-01-28,2019-02-13,15.709000,15.624000,-0.005411,16,reversion
SILVER,long,2019-02-20,2019-02-21,16.157000,15.791000,-0.022653,1,stop
SILVER,short,2019-03-01,2019-03-25,15.169000,15.507000,-0.022282,24,stop
SILVER,short,2019-03-28,2019-04-26,14.921000,15.002000,-0.005429,29,reversion
SILVER,short,2019-05-01,2019-05-03,14.645000,14.907000,-0.017890,2,stop
SILVER,short,2019-05-16,2019-06-03,14.479000,14.703000,-0.015471,18,reversion
SILVER,long,2019-06-06,2019-06-10,14.868000,14.605000,-0.017689,4,stop
SILVER,long,2019-06-20,2019-07-01,15.469000,15.106000,-0.023466,11,stop
SILVER,long,2019-07-16,2019-09-13,15.600000,17.436001,0.117692,59,reversion
SILVER,short,2019-09-30,2019-10-24,16.898001,17.739000,-0.049769,24,reversion
SILVER,long,2019-10-25,2019-11-07,17.861000,16.969999,-0.049885,13,stop
SILVER,short,2019-11-08,2019-12-03,16.783001,17.125000,-0.020378,25,reversion
SILVER,short,2019-12-06,2019-12-12,16.481001,16.844999,-0.022086,6,stop
SILVER,long,2019-12-20,2020-01-14,17.128000,17.674000,0.031878,25,reversion
SILVER,short,2020-01-28,2020-01-30,17.402000,17.952000,-0.031606,2,stop
SILVER,long,2020-02-18,2020-02-27,18.131001,17.658001,-0.026088,9,stop
SILVER,short,2020-02-28,2020-03-03,16.386999,17.129000,-0.045280,4,stop
SILVER,short,2020-03-12,2020-04-06,15.961000,15.111000,0.053255,25,reversion
SILVER,long,2020-04-09,2020-04-21,15.995000,14.818000,-0.073585,12,reversion
SILVER,short,2020-05-04,2020-05-07,14.722000,15.562000,-0.057057,3,reversion
SILVER,long,2020-05-14,2020-06-05,16.136000,17.443001,0.080999,22,reversion
SILVER,long,2020-06-30,2020-09-21,18.541000,24.299000,0.310555,83,reversion
SILVER,short,2020-09-23,2020-10-05,23.014000,24.502001,-0.064656,12,reversion
SILVER,short,2020-10-28,2020-11-05,23.323999,25.171000,-0.079189,8,stop
SILVER,long,2020-11-06,2020-11-09,25.646000,23.684999,-0.076464,3,stop
SILVER,short,2020-11-24,2020-12-07,23.292000,24.740999,-0.062210,13,stop
SILVER,long,2020-12-16,2021-01-08,24.985001,24.582001,-0.016130,23,reversion
SILVER,long,2021-02-01,2021-02-02,29.398001,26.384001,-0.102524,1,stop
SILVER,short,2021-03-04,2021-03-18,25.434000,26.320999,-0.034875,14,reversion
SILVER,short,2021-03-23,2021-04-06,25.200001,25.212000,-0.000476,14,reversion
SILVER,long,2021-04-21,2021-06-03,26.565001,27.459999,0.033691,43,reversion
SILVER,short,2021-06-17,2021-07-02,25.844000,26.481001,-0.024648,15,reversion
SILVER,short,2021-07-16,2021-08-24,25.777000,23.889999,0.073205,39,reversion
SILVER,long,2021-09-03,2021-09-08,24.761999,24.011999,-0.030288,5,stop
SILVER,short,2021-09-16,2021-10-08,22.752001,22.679001,0.003209,22,reversion
SILVER,long,2021-10-14,2021-11-02,23.455999,23.500000,0.001876,19,reversion
SILVER,long,2021-11-10,2021-11-22,24.767000,24.297001,-0.018977,12,reversion
SILVER,short,2021-11-26,2021-12-17,23.107000,22.507000,0.025966,21,reversion
SILVER,long,2021-12-27,2022-01-06,22.979000,22.174000,-0.035032,10,stop
SILVER,long,2022-01-18,2022-01-27,23.487000,22.673000,-0.034657,9,stop
SILVER,long,2022-02-22,2022-03-15,24.311001,25.122999,0.033400,21,reversion
SILVER,short,2022-04-01,2022-04-12,24.642000,25.725000,-0.043949,11,reversion
SILVER,long,2022-04-13,2022-04-21,26.020000,24.621000,-0.053766,8,stop
SILVER,short,2022-04-22,2022-05-24,24.257000,22.063000,0.090448,32,reversion
SILVER,short,2022-06-13,2022-07-28,21.236000,19.827000,0.066350,45,reversion
SILVER,long,2022-07-29,2022-08-17,20.156000,19.711000,-0.022078,19,reversion
SILVER,short,2022-08-26,2022-09-12,18.740000,19.754999,-0.054162,17,stop
SILVER,long,2022-10-03,2022-10-11,20.518999,19.427000,-0.053219,8,stop
SILVER,short,2022-10-14,2022-10-24,18.014999,19.174000,-0.064335,10,stop
SILVER,long,2022-11-04,2022-11-21,20.790001,20.849001,0.002838,17,reversion
SILVER,long,2022-12-01,2023-01-05,22.636999,23.257999,0.027433,35,reversion
SILVER,long,2023-01-13,2023-02-03,24.231001,22.334000,-0.078288,21,stop
SILVER,short,2023-02-06,2023-03-13,22.177000,21.792999,0.017315,35,reversion
SILVER,long,2023-03-14,2023-04-25,21.929001,24.877001,0.134434,42,reversion
SILVER,long,2023-05-04,2023-05-11,26.035000,24.254999,-0.068370,7,stop
SILVER,short,2023-05-12,2023-06-08,23.992001,24.264000,-0.011337,27,reversion
SILVER,long,2023-06-09,2023-06-20,24.334000,23.193001,-0.046889,11,stop
SILVER,short,2023-06-21,2023-07-05,22.774000,23.197001,-0.018574,14,reversion
SILVER,long,2023-07-12,2023-07-27,24.118999,24.236000,0.004851,15,reversion
SILVER,short,2023-08-08,2023-08-21,22.716999,23.304001,-0.025840,13,reversion
SILVER,long,2023-08-29,2023-09-05,24.777000,23.558001,-0.049199,7,stop
SILVER,short,2023-09-27,2023-10-13,22.476999,22.726999,-0.011122,16,reversion
SILVER,short,2023-11-10,2023-11-14,22.215000,23.079000,-0.038893,4,stop
SILVER,long,2023-11-15,2023-12-08,23.485001,22.971001,-0.021886,23,reversion
SILVER,short,2023-12-12,2023-12-14,22.728001,24.096001,-0.060190,2,stop
SILVER,short,2024-01-11,2024-02-16,22.537001,23.438999,-0.040023,36,stop
SILVER,long,2024-03-04,2024-04-22,23.778999,27.212999,0.144413,49,reversion
SILVER,long,2024-05-15,2024-06-04,29.514000,29.488001,-0.000881,20,reversion
SILVER,short,2024-06-13,2024-07-05,28.990000,31.388000,-0.082718,22,stop
SILVER,long,2024-07-11,2024-07-17,31.393999,30.136999,-0.040039,6,reversion
SILVER,short,2024-07-25,2024-08-15,27.806999,28.341999,-0.019240,21,reversion
SILVER,long,2024-08-19,2024-08-30,29.240000,28.731001,-0.017408,11,reversion
SILVER,long,2024-09-13,2024-10-08,30.698999,30.355000,-0.011206,25,reversion
SILVER,long,2024-10-18,2024-11-01,33.032001,32.542000,-0.014834,14,reversion
SILVER,short,2024-11-11,2024-12-04,30.540001,31.504999,-0.031598,23,reversion
SILVER,long,2024-12-09,2024-12-13,32.216000,30.655001,-0.048454,4,stop
COPPER,short,2010-02-03,2010-02-11,2.968000,3.129500,-0.054414,8,stop
COPPER,long,2010-03-02,2010-03-15,3.395500,3.307000,-0.026064,13,reversion
COPPER,long,2010-03-29,2010-04-16,3.529500,3.511500,-0.005100,18,reversion
COPPER,short,2010-04-27,2010-06-24,3.363500,3.003000,0.107180,58,reversion
COPPER,long,2010-07-22,2010-08-13,3.160500,3.251500,0.028793,22,reversion
COPPER,short,2010-08-25,2010-08-27,3.211000,3.364000,-0.047649,2,stop
COPPER,long,2010-08-30,2010-10-29,3.413000,3.732000,0.093466,60,reversion
COPPER,long,2010-11-04,2010-11-16,3.906500,3.724000,-0.046717,12,stop
COPPER,short,2010-11-23,2010-12-01,3.701000,3.946000,-0.066198,8,stop
COPPER,long,2010-12-07,2011-01-10,4.044000,4.254500,0.052052,34,reversion
COPPER,short,2011-01-25,2011-01-28,4.219000,4.365500,-0.034724,3,stop
COPPER,long,2011-02-01,2011-02-16,4.540000,4.466000,-0.016300,15,reversion
COPPER,short,2011-03-09,2011-03-23,4.199500,4.418500,-0.052149,14,stop
COPPER,long,2011-04-08,2011-04-13,4.495000,4.288500,-0.045940,5,stop
COPPER,short,2011-04-18,2011-04-21,4.194000,4.398000,-0.048641,3,stop
COPPER,short,2011-04-29,2011-05-20,4.165500,4.119000,0.011163,21,reversion
COPPER,long,2011-06-29,2011-08-03,4.209500,4.320000,0.026250,35,reversion
COPPER,short,2011-08-04,2011-08-25,4.231000,4.079000,0.035925,21,reversion
COPPER,short,2011-09-12,2011-10-12,3.950500,3.390500,0.141754,30,reversion
COPPER,short,2011-10-20,2011-10-24,3.054500,3.447000,-0.128499,4,stop
COPPER,long,2011-10-26,2011-11-09,3.488000,3.439000,-0.014048,14,reversion
COPPER,short,2011-11-21,2011-11-30,3.299000,3.563000,-0.080024,9,stop
COPPER,long,2011-12-02,2011-12-14,3.572500,3.271000,-0.084395,12,stop
COPPER,short,2011-12-15,2011-12-23,3.259500,3.463500,-0.062586,8,stop
COPPER,long,2012-01-11,2012-02-17,3.541500,3.705000,0.046167,37,reversion
COPPER,long,2012-04-02,2012-04-09,3.918500,3.716000,-0.051678,7,stop
COPPER,short,2012-04-10,2012-04-26,3.646000,3.768000,-0.033461,16,reversion
COPPER,short,2012-05-14,2012-06-15,3.557000,3.385000,0.048355,32,reversion
COPPER,long,2012-06-29,2012-07-23,3.490000,3.381500,-0.031089,24,reversion
COPPER,short,2012-08-02,2012-08-07,3.292500,3.445000,-0.046317,5,stop
COPPER,long,2012-08-21,2012-10-12,3.456500,3.714500,0.074642,52,reversion
COPPER,short,2012-10-15,2012-11-19,3.711500,3.527500,0.049576,35,reversion
COPPER,long,2012-11-29,2012-12-19,3.588500,3.595000,0.001811,20,reversion
COPPER,long,2013-01-02,2013-01-14,3.724500,3.619500,-0.028192,12,stop
COPPER,long,2013-01-30,2013-02-19,3.740000,3.644500,-0.025535,20,stop
COPPER,short,2013-02-20,2013-04-09,3.605500,3.438000,0.046457,48,reversion
COPPER,short,2013-04-15,2013-05-03,3.280000,3.313500,-0.010213,18,reversion
COPPER,long,2013-05-22,2013-05-31,3.377500,3.289000,-0.026203,9,reversion
COPPER,short,2013-06-07,2013-07-03,3.266000,3.174000,0.028169,26,reversion
COPPER,long,2013-07-16,2013-07-26,3.199500,3.109000,-0.028286,10,reversion
COPPER,short,2013-07-30,2013-08-01,3.041000,3.164000,-0.040447,2,stop
COPPER,long,2013-08-08,2013-08-28,3.270500,3.307000,0.011160,20,reversion
COPPER,short,2013-09-12,2013-09-18,3.212500,3.283500,-0.022101,6,reversion
COPPER,long,2013-10-22,2013-11-04,3.328500,3.247500,-0.024335,13,stop
COPPER,short,2013-11-13,2013-11-25,3.164000,3.239000,-0.023704,12,stop
COPPER,long,2013-12-04,2014-01-08,3.271500,3.393500,0.037292,35,reversion
COPPER,short,2014-01-23,2014-02-12,3.322500,3.315500,0.002107,20,reversion
COPPER,long,2014-02-24,2014-02-26,3.359000,3.269500,-0.026645,2,stop
COPPER,short,2014-03-07,2014-03-25,3.156500,3.045500,0.035166,18,reversion
COPPER,long,2014-04-08,2014-04-15,3.076500,3.016500,-0.019503,7,reversion
COPPER,long,2014-04-22,2014-04-30,3.078500,3.029500,-0.015917,8,reversion
COPPER,long,2014-05-12,2014-06-04,3.166500,3.093500,-0.023054,23,reversion
COPPER,short,2014-06-06,2014-06-20,3.053000,3.117500,-0.021127,14,reversion
COPPER,long,2014-06-30,2014-07-16,3.188000,3.205000,0.005332,16,reversion
COPPER,short,2014-08-06,2014-08-20,3.162500,3.174000,-0.003636,14,reversion
COPPER,short,2014-09-15,2014-09-16,3.081000,3.160000,-0.025641,1,stop
COPPER,short,2014-09-22,2014-10-14,3.038000,3.085000,-0.015471,22,reversion
COPPER,short,2014-10-16,2014-10-27,2.978500,3.078000,-0.033406,11,stop
COPPER,long,2014-10-28,2014-11-05,3.108500,3.022500,-0.027666,8,stop
COPPER,short,2014-11-25,2015-02-13,2.961000,2.613500,0.117359,80,reversion
COPPER,long,2015-02-18,2015-03-11,2.639500,2.622500,-0.006441,21,reversion
COPPER,short,2015-03-18,2015-03-20,2.587000,2.775000,-0.072671,2,stop
COPPER,long,2015-03-23,2015-04-06,2.808000,2.732000,-0.027066,14,reversion
COPPER,short,2015-04-21,2015-04-29,2.705000,2.795000,-0.033272,8,stop
COPPER,long,2015-04-30,2015-05-19,2.886500,2.861500,-0.008661,19,reversion
COPPER,short,2015-05-28,2015-09-03,2.793000,2.390000,0.144289,98,reversion
COPPER,long,2015-09-08,2015-09-22,2.438500,2.307000,-0.053927,14,stop
COPPER,short,2015-09-25,2015-10-07,2.291500,2.371500,-0.034912,12,reversion
COPPER,short,2015-10-30,2015-12-04,2.313500,2.074000,0.103523,35,reversion
COPPER,long,2015-12-21,2016-01-07,2.129000,2.015500,-0.053311,17,stop
COPPER,short,2016-01-11,2016-01-26,1.967500,2.034000,-0.033799,15,reversion
COPPER,long,2016-02-03,2016-02-10,2.092000,2.025000,-0.032027,7,reversion
COPPER,long,2016-02-29,2016-03-29,2.128500,2.208500,0.037585,29,reversion
COPPER,short,2016-03-31,2016-04-19,2.181500,2.223000,-0.019024,19,reversion
COPPER,long,2016-04-20,2016-05-03,2.242000,2.214500,-0.012266,13,reversion
COPPER,short,2016-05-10,2016-05-25,2.090000,2.105000,-0.007177,15,reversion
COPPER,long,2016-06-06,2016-06-07,2.117000,2.051000,-0.031176,1,stop
COPPER,short,2016-06-09,2016-06-21,2.040000,2.116500,-0.037500,12,stop
COPPER,long,2016-06-22,2016-07-27,2.135500,2.185000,0.023180,35,reversion
COPPER,short,2016-08-09,2016-09-07,2.149500,2.093000,0.026285,29,reversion
COPPER,long,2016-09-20,2016-10-06,2.155500,2.148000,-0.003479,16,reversion
COPPER,short,2016-10-13,2016-10-27,2.115000,2.165500,-0.023877,14,stop
COPPER,long,2016-10-31,2016-12-13,2.200500,2.593000,0.178369,43,reversion
COPPER,short,2016-12-19,2017-01-04,2.496500,2.548000,-0.020629,16,reversion
COPPER,long,2017-01-10,2017-02-03,2.603500,2.609500,0.002305,24,reversion
COPPER,long,2017-02-10,2017-02-23,2.762000,2.642500,-0.043266,13,stop
COPPER,short,2017-03-07,2017-04-05,2.609500,2.675500,-0.025292,29,reversion
COPPER,short,2017-04-12,2017-04-28,2.544000,2.596500,-0.020637,16,reversion
COPPER,short,2017-05-04,2017-05-19,2.502000,2.574000,-0.028777,15,reversion
COPPER,long,2017-06-08,2017-09-08,2.607000,3.021500,0.158995,92,reversion
COPPER,short,2017-09-14,2017-09-28,2.936500,2.962500,-0.008854,14,reversion
COPPER,long,2017-10-10,2017-10-27,3.045500,3.093500,0.015761,17,reversion
COPPER,short,2017-11-09,2017-11-21,3.080000,3.125500,-0.014773,12,reversion
COPPER,long,2017-11-24,2017-11-28,3.166000,3.070500,-0.030164,4,stop
COPPER,short,2017-11-29,2017-12-15,3.040000,3.110000,-0.023026,16,reversion
COPPER,long,2017-12-20,2018-01-05,3.171500,3.207000,0.011193,16,reversion
COPPER,short,2018-01-17,2018-02-05,3.166500,3.210500,-0.013895,19,reversion
COPPER,short,2018-02-07,2018-02-14,3.076500,3.228500,-0.049407,7,stop
COPPER,long,2018-02-15,2018-02-28,3.239000,3.107500,-0.040599,13,stop
COPPER,short,2018-03-20,2018-04-03,3.025500,3.058000,-0.010742,14,reversion
COPPER,long,2018-04-18,2018-04-27,3.153500,3.046000,-0.034089,9,stop
COPPER,long,2018-06-04,2018-06-18,3.126500,3.103500,-0.007356,14,reversion
COPPER,short,2018-06-19,2018-07-25,3.046500,2.806000,0.078943,36,reversion
COPPER,short,2018-08-14,2018-08-28,2.675500,2.734000,-0.021865,14,reversion
COPPER,long,2018-09-21,2018-10-05,2.836500,2.751000,-0.030143,14,reversion
COPPER,short,2018-10-30,2018-11-02,2.663000,2.803000,-0.052572,3,stop
COPPER,long,2018-11-16,2018-11-27,2.804000,2.710500,-0.033345,11,stop
COPPER,short,2018-12-18,2019-01-16,2.671000,2.693500,-0.008424,29,reversion
COPPER,long,2019-01-18,2019-03-08,2.741000,2.894000,0.055819,49,reversion
COPPER,short,2019-03-22,2019-03-29,2.836000,2.936000,-0.035261,7,stop
COPPER,long,2019-04-03,2019-04-25,2.946500,2.877500,-0.023418,22,stop
COPPER,short,2019-05-01,2019-06-18,2.803000,2.707000,0.034249,48,reversion
COPPER,long,2019-06-20,2019-07-02,2.715500,2.657500,-0.021359,12,reversion
COPPER,short,2019-07-09,2019-07-10,2.624500,2.693000,-0.026100,1,stop
COPPER,long,2019-07-19,2019-07-26,2.744500,2.676500,-0.024777,7,reversion
COPPER,short,2019-08-02,2019-09-05,2.565000,2.624500,-0.023197,34,reversion
COPPER,long,2019-09-13,2019-09-17,2.681000,2.609500,-0.026669,4,stop
COPPER,short,2019-10-03,2019-10-10,2.545500,2.605000,-0.023375,7,reversion
COPPER,long,2019-10-14,2019-11-14,2.623500,2.618500,-0.001906,31,reversion
COPPER,short,2019-11-18,2019-11-26,2.617500,2.674500,-0.021776,8,stop
COPPER,short,2019-12-03,2019-12-06,2.608000,2.711000,-0.039494,3,stop
COPPER,long,2019-12-09,2019-12-31,2.746500,2.794000,0.017295,22,reversion
COPPER,long,2020-01-14,2020-01-21,2.876000,2.798500,-0.026947,7,stop
COPPER,short,2020-01-22,2020-02-12,2.767000,2.606000,0.058186,21,reversion
COPPER,short,2020-03-09,2020-04-07,2.524000,2.288500,0.093304,29,reversion
COPPER,long,2020-04-14,2020-04-21,2.347000,2.267000,-0.034086,7,reversion
COPPER,long,2020-04-27,2020-07-31,2.382000,2.859000,0.200252,95,reversion
COPPER,short,2020-08-07,2020-08-17,2.790500,2.898000,-0.038524,10,stop
COPPER,long,2020-08-18,2020-09-24,2.971000,2.969000,-0.000673,37,reversion
COPPER,short,2020-10-01,2020-10-07,2.863500,3.034500,-0.059717,6,stop
COPPER,long,2020-10-20,2020-10-29,3.143500,3.052000,-0.029108,9,reversion
COPPER,long,2020-11-16,2020-12-31,3.220000,3.514000,0.091304,45,reversion
COPPER,long,2021-01-05,2021-01-27,3.640500,3.571500,-0.018953,22,reversion
COPPER,short,2021-02-02,2021-02-08,3.539000,3.679000,-0.039559,6,stop
COPPER,long,2021-02-09,2021-03-25,3.733500,3.985000,0.067363,44,reversion
COPPER,short,2021-03-30,2021-04-15,3.983000,4.230500,-0.062139,16,stop
COPPER,long,2021-04-19,2021-05-20,4.250000,4.582000,0.078118,31,reversion
COPPER,short,2021-06-03,2021-07-09,4.471500,4.352500,0.026613,36,reversion
COPPER,long,2021-07-23,2021-08-09,4.406500,4.287000,-0.027119,17,reversion
COPPER,short,2021-08-17,2021-08-30,4.200000,4.361000,-0.038333,13,stop
COPPER,long,2021-09-10,2021-09-16,4.448000,4.278500,-0.038107,6,stop
COPPER,short,2021-09-20,2021-09-27,4.117000,4.293500,-0.042871,7,stop
COPPER,short,2021-09-30,2021-10-11,4.090000,4.374500,-0.069560,11,stop
COPPER,long,2021-10-13,2021-10-27,4.520500,4.387000,-0.029532,14,reversion
COPPER,short,2021-11-17,2021-11-24,4.273000,4.458000,-0.043295,7,stop
COPPER,short,2021-12-01,2021-12-27,4.247500,4.465000,-0.051207,26,stop
COPPER,long,2022-01-04,2022-01-06,4.466000,4.348000,-0.026422,2,reversion
COPPER,long,2022-01-12,2022-01-14,4.564000,4.411500,-0.033414,2,stop
COPPER,long,2022-01-20,2022-01-24,4.576500,4.403000,-0.037911,4,stop
COPPER,short,2022-01-28,2022-02-02,4.303000,4.491000,-0.043690,5,stop
COPPER,long,2022-02-09,2022-02-23,4.600500,4.481500,-0.025867,14,reversion
COPPER,long,2022-03-03,2022-03-09,4.771500,4.564000,-0.043487,6,stop
COPPER,long,2022-04-04,2022-04-11,4.776500,4.628500,-0.030985,7,reversion
COPPER,long,2022-04-18,2022-04-20,4.796000,4.649500,-0.030546,2,stop
COPPER,short,2022-04-22,2022-05-23,4.582500,4.347500,0.051282,31,reversion
COPPER,long,2022-06-02,2022-06-10,4.554000,4.301000,-0.055556,8,stop
COPPER,short,2022-06-14,2022-07-26,4.161500,3.382500,0.187192,42,reversion
COPPER,long,2022-08-08,2022-08-30,3.587500,3.545000,-0.011847,22,reversion
COPPER,short,2022-09-01,2022-09-09,3.414500,3.581000,-0.048763,8,stop
COPPER,short,2022-09-23,2022-10-05,3.371500,3.532500,-0.047753,12,reversion
COPPER,long,2022-10-26,2022-10-28,3.629500,3.466000,-0.045047,2,stop
COPPER,long,2022-11-04,2022-11-21,3.714500,3.571500,-0.038498,17,reversion
COPPER,short,2023-01-04,2023-01-06,3.739500,3.908500,-0.045193,2,stop
COPPER,long,2023-01-09,2023-01-30,4.018500,4.203500,0.046037,21,reversion
COPPER,short,2023-02-10,2023-02-16,4.027500,4.165500,-0.034264,6,stop
COPPER,short,2023-02-24,2023-03-01,3.955000,4.168000,-0.053856,5,stop
COPPER,short,2023-03-15,2023-03-22,3.856500,4.068500,-0.054972,7,stop
COPPER,short,2023-04-21,2023-06-05,3.980000,3.762500,0.054648,45,reversion
COPPER,long,2023-06-08,2023-06-27,3.796500,3.781500,-0.003951,19,reversion
COPPER,short,2023-06-29,2023-07-03,3.677500,3.779000,-0.027600,4,stop
COPPER,long,2023-07-13,2023-07-18,3.929500,3.816000,-0.028884,5,stop
COPPER,long,2023-07-31,2023-08-02,3.994500,3.827500,-0.041807,2,stop
COPPER,short,2023-08-08,2023-08-23,3.748000,3.803500,-0.014808,15,reversion
COPPER,short,2023-09-21,2023-10-27,3.666500,3.634000,0.008864,36,reversion
COPPER,long,2023-10-30,2023-11-10,3.649500,3.583500,-0.018085,11,reversion
COPPER,long,2023-11-15,2023-12-06,3.717500,3.716500,-0.000269,21,reversion
COPPER,long,2023-12-27,2024-01-02,3.943500,3.869000,-0.018892,6,reversion
COPPER,short,2024-01-09,2024-01-23,3.748500,3.790500,-0.011204,14,reversion
COPPER,long,2024-01-30,2024-02-02,3.906500,3.821500,-0.021759,3,stop
COPPER,short,2024-02-08,2024-02-16,3.705500,3.838000,-0.035758,8,stop
COPPER,long,2024-03-07,2024-03-27,3.919500,3.992500,0.018625,20,reversion
COPPER,long,2024-04-03,2024-05-30,4.193000,4.672000,0.114238,57,reversion
COPPER,short,2024-06-04,2024-07-05,4.548000,4.658500,-0.024296,31,reversion
COPPER,short,2024-07-18,2024-08-15,4.266000,4.139000,0.029770,28,reversion
COPPER,long,2024-08-21,2024-09-03,4.181500,4.032000,-0.035753,13,stop
COPPER,long,2024-09-18,2024-10-08,4.238000,4.412000,0.041057,20,reversion
COPPER,short,2024-11-06,2024-11-07,4.222500,4.410000,-0.044405,1,stop
COPPER,short,2024-11-11,2024-12-03,4.211000,4.146000,0.015436,22,reversion
COPPER,long,2024-12-09,2024-12-17,4.223500,4.091500,-0.031254,8,stop
OIL_WTI,short,2010-02-05,2010-02-16,71.190002,77.010002,-0.081753,11,stop
OIL_WTI,long,2010-02-18,2010-04-16,79.059998,83.239998,0.052871,57,reversion
OIL_WTI,short,2010-05-05,2010-05-27,79.970001,74.550003,0.067775,22,reversion
OIL_WTI,long,2010-06-10,2010-06-29,75.480003,75.940002,0.006094,19,reversion
OIL_WTI,short,2010-07-06,2010-07-13,71.980003,77.150002,-0.071825,7,stop
OIL_WTI,long,2010-07-22,2010-08-12,79.300003,75.739998,-0.044893,21,reversion
OIL_WTI,short,2010-08-13,2010-09-10,75.389999,76.449997,-0.014060,28,reversion
OIL_WTI,long,2010-09-13,2010-09-17,77.190002,73.660004,-0.045731,4,reversion
OIL_WTI,long,2010-09-29,2010-10-15,77.860001,81.250000,0.043540,16,reversion
OIL_WTI,long,2010-11-02,2010-11-16,83.900002,82.339996,-0.018594,14,reversion
OIL_WTI,short,2010-11-17,2010-11-29,80.440002,85.730003,-0.065763,12,stop
OIL_WTI,long,2010-12-02,2010-12-16,88.000000,87.699997,-0.003409,14,reversion
OIL_WTI,long,2010-12-21,2011-01-04,89.820000,89.379997,-0.004899,14,reversion
OIL_WTI,long,2011-01-12,2011-01-24,91.860001,87.870003,-0.043436,12,stop
OIL_WTI,short,2011-01-25,2011-01-31,86.190002,92.190002,-0.069614,6,stop
OIL_WTI,short,2011-02-11,2011-02-22,85.580002,93.570000,-0.093363,11,stop
OIL_WTI,long,2011-02-23,2011-03-15,98.099998,97.180000,-0.009378,20,reversion
OIL_WTI,long,2011-03-23,2011-05-04,105.750000,109.239998,0.033002,42,reversion
OIL_WTI,short,2011-05-05,2011-05-25,99.800003,101.320000,-0.015230,20,reversion
OIL_WTI,short,2011-06-15,2011-06-30,94.809998,95.419998,-0.006434,15,reversion
OIL_WTI,long,2011-07-21,2011-07-29,99.129997,95.699997,-0.034601,8,reversion
OIL_WTI,short,2011-08-01,2011-08-30,94.889999,88.900002,0.063126,29,reversion
OIL_WTI,long,2011-09-01,2011-09-19,88.930000,85.699997,-0.036321,18,reversion
OIL_WTI,short,2011-09-22,2011-10-10,80.510002,85.410004,-0.060862,18,reversion
OIL_WTI,long,2011-10-18,2011-12-12,88.339996,97.769997,0.106747,55,reversion
OIL_WTI,short,2011-12-14,2011-12-27,94.949997,101.339996,-0.067299,13,stop
OIL_WTI,long,2012-01-03,2012-01-13,102.959999,98.699997,-0.041375,10,reversion
OIL_WTI,short,2012-01-20,2012-02-09,98.459999,99.839996,-0.014016,20,reversion
OIL_WTI,long,2012-02-13,2012-03-06,100.910004,104.699997,0.037558,22,reversion
OIL_WTI,short,2012-03-29,2012-04-17,102.779999,104.199997,-0.013816,19,reversion
OIL_WTI,long,2012-05-01,2012-05-04,106.160004,98.489998,-0.072249,3,stop
OIL_WTI,short,2012-05-07,2012-06-29,97.940002,84.959999,0.132530,53,reversion
OIL_WTI,long,2012-07-03,2012-07-31,87.660004,88.059998,0.004563,28,reversion
OIL_WTI,long,2012-08-07,2012-08-30,93.669998,94.620003,0.010142,23,reversion
OIL_WTI,long,2012-09-13,2012-09-18,98.309998,95.290001,-0.030719,5,reversion
OIL_WTI,short,2012-09-19,2012-11-06,91.980003,88.709999,0.035551,48,reversion
OIL_WTI,short,2012-11-07,2012-11-19,84.440002,89.279999,-0.057319,12,stop
OIL_WTI,long,2012-12-19,2013-02-07,89.510002,95.830002,0.070607,50,reversion
OIL_WTI,short,2013-02-20,2013-03-14,94.459999,93.029999,0.015139,22,reversion
OIL_WTI,long,2013-03-25,2013-04-05,94.809998,92.699997,-0.022255,11,reversion
OIL_WTI,short,2013-04-12,2013-04-25,91.290001,93.639999,-0.025742,13,reversion
OIL_WTI,long,2013-05-03,2013-05-24,95.610001,94.150002,-0.015270,21,reversion
OIL_WTI,short,2013-05-31,2013-06-07,91.970001,96.029999,-0.044145,7,stop
OIL_WTI,long,2013-06-14,2013-06-21,97.849998,93.690002,-0.042514,7,stop
OIL_WTI,long,2013-07-02,2013-07-26,99.599998,104.699997,0.051205,24,reversion
OIL_WTI,long,2013-08-27,2013-09-16,109.010002,106.589996,-0.022200,20,reversion
OIL_WTI,short,2013-09-20,2013-11-21,104.680000,95.440002,0.088269,62,reversion
OIL_WTI,short,2013-11-27,2013-12-03,92.300003,96.040001,-0.040520,6,stop
OIL_WTI,long,2013-12-04,2014-01-02,97.199997,95.440002,-0.018107,29,reversion
OIL_WTI,short,2014-01-03,2014-01-17,93.959999,94.370003,-0.004364,14,reversion
OIL_WTI,long,2014-01-30,2014-03-05,98.230003,101.449997,0.032780,34,reversion
OIL_WTI,short,2014-03-12,2014-03-27,97.989998,101.279999,-0.033575,15,reversion
OIL_WTI,long,2014-04-08,2014-04-22,102.559998,102.129997,-0.004193,14,reversion
OIL_WTI,short,2014-05-01,2014-05-13,99.419998,101.699997,-0.022933,12,reversion
OIL_WTI,long,2014-05-21,2014-06-26,104.070000,105.839996,0.017008,36,reversion
OIL_WTI,short,2014-07-07,2014-07-21,103.529999,104.589996,-0.010239,14,reversion
OIL_WTI,short,2014-07-31,2015-02-02,98.169998,49.570000,0.495060,186,reversion
OIL_WTI,long,2015-02-03,2015-02-26,53.049999,48.169998,-0.091989,23,reversion
OIL_WTI,short,2015-03-12,2015-03-25,47.049999,49.209999,-0.045909,13,reversion
OIL_WTI,long,2015-04-06,2015-05-19,52.139999,57.259998,0.098197,43,reversion
OIL_WTI,long,2015-06-02,2015-06-29,61.259998,58.330002,-0.047829,27,reversion
OIL_WTI,short,2015-07-01,2015-08-28,56.959999,45.220001,0.206110,58,reversion
OIL_WTI,long,2015-08-31,2015-09-09,49.200001,44.150002,-0.102642,9,stop
OIL_WTI,long,2015-10-06,2015-10-19,48.529999,45.889999,-0.054399,13,reversion
OIL_WTI,short,2015-10-26,2015-11-03,43.980000,47.900002,-0.089131,8,stop
OIL_WTI,short,2015-11-11,2015-11-25,42.930000,43.040001,-0.002562,14,reversion
OIL_WTI,short,2015-12-02,2015-12-23,39.939999,37.500000,0.061092,21,reversion
OIL_WTI,short,2016-01-06,2016-01-27,33.970001,32.299999,0.049161,21,reversion
OIL_WTI,short,2016-02-11,2016-02-22,26.209999,31.480000,-0.201068,11,stop
OIL_WTI,long,2016-02-29,2016-04-01,33.750000,36.790001,0.090074,32,reversion
OIL_WTI,short,2016-04-04,2016-04-08,35.700001,39.720001,-0.112605,4,stop
OIL_WTI,long,2016-04-12,2016-06-14,42.169998,48.490002,0.149870,63,reversion
OIL_WTI,short,2016-06-16,2016-06-20,46.209999,49.369999,-0.068383,4,stop
OIL_WTI,short,2016-07-07,2016-08-11,45.139999,43.490002,0.036553,35,reversion
OIL_WTI,long,2016-08-15,2016-08-30,45.740002,46.349998,0.013336,15,reversion
OIL_WTI,short,2016-09-16,2016-09-28,43.029999,47.049999,-0.093423,12,stop
OIL_WTI,long,2016-09-29,2016-10-26,47.830002,49.180000,0.028225,27,reversion
OIL_WTI,short,2016-10-31,2016-11-21,46.860001,47.490002,-0.013444,21,reversion
OIL_WTI,long,2016-11-30,2017-01-09,49.439999,51.959999,0.050971,40,reversion
OIL_WTI,short,2017-01-10,2017-01-24,50.820000,53.180000,-0.046438,14,reversion
OIL_WTI,long,2017-02-21,2017-03-02,54.060001,52.610001,-0.026822,9,reversion
OIL_WTI,short,2017-03-08,2017-03-29,50.279999,49.509998,0.015314,21,reversion
OIL_WTI,long,2017-04-05,2017-04-19,51.150002,50.439999,-0.013881,14,reversion
OIL_WTI,short,2017-04-27,2017-05-15,48.970001,48.849998,0.002451,18,reversion
OIL_WTI,long,2017-05-19,2017-05-31,50.330002,48.320000,-0.039936,12,reversion
OIL_WTI,short,2017-06-07,2017-06-29,45.720001,44.930000,0.017279,22,reversion
OIL_WTI,long,2017-07-19,2017-08-10,47.119999,48.590000,0.031197,22,reversion
OIL_WTI,short,2017-08-28,2017-09-05,46.570000,48.660000,-0.044879,8,reversion
OIL_WTI,long,2017-09-13,2017-10-04,49.299999,49.980000,0.013793,21,reversion
OIL_WTI,long,2017-10-24,2017-12-06,52.470001,55.959999,0.066514,43,reversion
OIL_WTI,long,2017-12-26,2018-02-06,59.970001,63.389999,0.057028,42,reversion
OIL_WTI,short,2018-02-07,2018-02-22,61.790001,62.770000,-0.015860,15,reversion
OIL_WTI,long,2018-03-21,2018-04-06,65.169998,62.060001,-0.047721,16,reversion
OIL_WTI,long,2018-04-11,2018-05-25,66.820000,67.879997,0.015863,44,reversion
OIL_WTI,short,2018-05-29,2018-06-22,66.730003,68.580002,-0.027724,24,reversion
OIL_WTI,long,2018-06-26,2018-07-11,70.529999,70.379997,-0.002127,15,reversion
OIL_WTI,short,2018-07-23,2018-08-22,67.889999,67.860001,0.000442,30,reversion
OIL_WTI,long,2018-08-29,2018-09-06,69.510002,67.769997,-0.025032,8,reversion
OIL_WTI,long,2018-09-12,2018-10-11,70.370003,70.970001,0.008526,29,reversion
OIL_WTI,short,2018-10-17,2019-01-03,69.750000,47.090000,0.324875,78,reversion
OIL_WTI,long,2019-01-10,2019-04-26,52.590000,63.299999,0.203651,106,reversion
OIL_WTI,short,2019-05-02,2019-05-16,61.810001,62.869999,-0.017149,14,reversion
OIL_WTI,short,2019-05-23,2019-06-20,57.910000,56.650002,0.021758,28,reversion
OIL_WTI,long,2019-06-26,2019-07-17,59.380001,56.779999,-0.043786,21,reversion
OIL_WTI,short,2019-07-18,2019-07-30,55.299999,58.049999,-0.049729,12,reversion
OIL_WTI,short,2019-08-01,2019-08-29,53.950001,56.709999,-0.051158,28,reversion
OIL_WTI,long,2019-09-09,2019-09-30,57.849998,54.070000,-0.065341,21,reversion
OIL_WTI,short,2019-10-01,2019-10-23,53.619999,55.970001,-0.043827,22,reversion
OIL_WTI,long,2019-10-25,2019-11-19,56.660000,55.209999,-0.025591,25,reversion
OIL_WTI,long,2019-11-21,2019-11-29,58.580002,55.169998,-0.058211,8,stop
OIL_WTI,long,2019-12-06,2020-01-08,59.200001,59.610001,0.006926,33,reversion
OIL_WTI,short,2020-01-10,2020-02-14,59.040001,52.049999,0.118394,35,reversion
OIL_WTI,short,2020-02-26,2020-04-02,48.730000,25.320000,0.480402,36,reversion
OIL_WTI,short,2020-04-15,2020-05-01,19.870001,19.780001,0.004529,16,reversion
OIL_WTI,long,2020-05-08,2020-07-30,24.740000,39.919998,0.613581,83,reversion
OIL_WTI,long,2020-08-05,2020-09-02,42.189999,41.509998,-0.016118,28,reversion
OIL_WTI,short,2020-09-04,2020-09-18,39.770000,41.110001,-0.033694,14,reversion
OIL_WTI,long,2020-10-08,2020-10-26,41.189999,38.560001,-0.063850,18,reversion
OIL_WTI,short,2020-10-29,2020-11-09,36.169998,40.290001,-0.113907,11,stop
OIL_WTI,long,2020-11-18,2021-01-29,41.820000,52.200001,0.248207,72,reversion
OIL_WTI,long,2021-02-02,2021-03-18,54.759998,60.000000,0.095690,44,reversion
OIL_WTI,short,2021-03-23,2021-04-14,57.759998,63.150002,-0.093317,22,stop
OIL_WTI,long,2021-04-15,2021-05-19,63.459999,63.360001,-0.001576,34,reversion
OIL_WTI,long,2021-05-27,2021-07-07,66.849998,72.199997,0.080030,41,reversion
OIL_WTI,long,2021-07-13,2021-07-15,75.250000,71.650002,-0.047841,2,reversion
OIL_WTI,short,2021-07-19,2021-07-22,66.419998,71.910004,-0.082656,3,stop
OIL_WTI,short,2021-08-18,2021-08-27,65.459999,68.739998,-0.050107,9,reversion
OIL_WTI,long,2021-09-02,2021-11-03,69.989998,80.860001,0.155308,62,reversion
OIL_WTI,short,2021-11-17,2021-12-16,78.360001,72.379997,0.076314,29,reversion
OIL_WTI,long,2021-12-27,2022-03-15,75.570000,96.440002,0.276168,78,reversion
OIL_WTI,short,2022-04-11,2022-04-14,94.290001,106.949997,-0.134267,3,reversion
OIL_WTI,long,2022-05-05,2022-05-10,108.260002,99.760002,-0.078515,5,reversion
OIL_WTI,long,2022-05-13,2022-06-17,110.489998,109.559998,-0.008417,35,reversion
OIL_WTI,short,2022-06-22,2022-08-24,106.190002,94.889999,0.106413,63,reversion
OIL_WTI,long,2022-08-29,2022-09-01,97.010002,86.610001,-0.107205,3,stop
OIL_WTI,short,2022-09-07,2022-10-04,81.940002,86.519997,-0.055894,27,reversion
OIL_WTI,long,2022-10-07,2022-10-18,92.639999,82.820000,-0.106002,11,stop
OIL_WTI,short,2022-11-17,2022-12-21,81.639999,78.290001,0.041034,34,reversion
OIL_WTI,long,2022-12-30,2023-01-04,80.260002,72.839996,-0.092450,5,stop
OIL_WTI,long,2023-01-19,2023-01-30,80.330002,77.900002,-0.030250,11,reversion
OIL_WTI,short,2023-02-03,2023-02-10,73.389999,79.720001,-0.086252,7,stop
OIL_WTI,long,2023-03-06,2023-03-13,80.459999,74.800003,-0.070345,7,stop
OIL_WTI,short,2023-03-14,2023-03-28,71.330002,73.199997,-0.026216,14,reversion
OIL_WTI,long,2023-04-04,2023-04-19,80.709999,79.160004,-0.019205,15,reversion
OIL_WTI,short,2023-05-02,2023-05-24,71.660004,74.339996,-0.037399,22,reversion
OIL_WTI,short,2023-05-31,2023-07-06,68.089996,71.800003,-0.054487,36,reversion
OIL_WTI,long,2023-07-07,2023-08-16,73.860001,79.379997,0.074736,40,reversion
OIL_WTI,long,2023-09-01,2023-10-02,85.550003,88.820000,0.038223,31,reversion
OIL_WTI,short,2023-10-04,2023-10-18,84.220001,88.320000,-0.048682,14,reversion
OIL_WTI,short,2023-10-31,2023-11-29,81.019997,77.860001,0.039003,29,reversion
OIL_WTI,short,2023-12-05,2023-12-19,72.320000,73.440002,-0.015487,14,reversion
OIL_WTI,long,2024-01-25,2024-02-02,77.360001,72.279999,-0.065667,8,stop
OIL_WTI,long,2024-02-15,2024-02-23,78.029999,76.489998,-0.019736,8,reversion
OIL_WTI,long,2024-03-01,2024-03-12,79.970001,77.559998,-0.030136,11,reversion
OIL_WTI,long,2024-03-14,2024-04-17,81.260002,82.690002,0.017598,34,reversion
OIL_WTI,short,2024-04-29,2024-05-17,82.629997,80.059998,0.031103,18,reversion
OIL_WTI,short,2024-05-22,2024-06-13,77.570000,78.620003,-0.013536,22,reversion
OIL_WTI,long,2024-06-17,2024-07-16,80.330002,80.760002,0.005353,29,reversion
OIL_WTI,short,2024-07-19,2024-08-12,80.129997,80.059998,0.000874,24,reversion
OIL_WTI,short,2024-08-21,2024-08-26,71.930000,77.419998,-0.076324,5,stop
OIL_WTI,short,2024-09-03,2024-09-17,70.339996,71.190002,-0.012084,14,reversion
OIL_WTI,long,2024-10-03,2024-10-18,73.709999,69.220001,-0.060914,15,reversion
OIL_WTI,short,2024-10-28,2024-11-07,67.379997,72.360001,-0.073909,10,reversion
OIL_WTI,short,2024-11-15,2024-11-22,67.019997,71.239998,-0.062966,7,reversion
NATGAS,short,2010-02-19,2010-04-05,5.044000,4.277000,0.152062,45,reversion
NATGAS,long,2010-05-12,2010-05-24,4.284000,4.017000,-0.062325,12,reversion
NATGAS,long,2010-06-02,2010-06-28,4.424000,4.717000,0.066230,26,reversion
NATGAS,short,2010-07-08,2010-07-22,4.399000,4.643000,-0.055467,14,reversion
NATGAS,long,2010-07-30,2010-08-06,4.923000,4.467000,-0.092626,7,stop
NATGAS,short,2010-08-10,2010-09-14,4.297000,3.966000,0.077030,35,reversion
NATGAS,short,2010-10-04,2010-10-28,3.727000,3.890000,-0.043735,24,reversion
NATGAS,long,2010-10-29,2010-11-12,4.038000,3.799000,-0.059188,14,reversion
NATGAS,long,2010-11-22,2010-12-15,4.271000,4.222000,-0.011473,23,reversion
NATGAS,long,2011-01-03,2011-01-27,4.650000,4.316000,-0.071828,24,reversion
NATGAS,short,2011-02-04,2011-02-25,4.310000,4.005000,0.070766,21,reversion
NATGAS,short,2011-03-03,2011-03-15,3.778000,3.941000,-0.043144,12,reversion
NATGAS,long,2011-03-17,2011-04-05,4.158000,4.231000,0.017557,19,reversion
NATGAS,long,2011-04-21,2011-05-05,4.412000,4.261000,-0.034225,14,reversion
NATGAS,short,2011-05-19,2011-05-23,4.094000,4.346000,-0.061554,4,reversion
NATGAS,long,2011-06-02,2011-06-14,4.794000,4.581000,-0.044431,12,reversion
NATGAS,short,2011-06-20,2011-07-13,4.317000,4.403000,-0.019921,23,reversion
NATGAS,long,2011-07-15,2011-07-28,4.546000,4.244000,-0.066432,13,stop
NATGAS,short,2011-08-03,2011-08-31,4.090000,4.054000,0.008802,28,reversion
NATGAS,short,2011-09-16,2011-10-14,3.809000,3.703000,0.027829,28,reversion
NATGAS,long,2011-10-28,2011-11-11,3.923000,3.584000,-0.086413,14,stop
NATGAS,short,2011-11-14,2011-11-29,3.458000,3.633000,-0.050607,15,reversion
NATGAS,short,2011-12-12,2012-02-16,3.254000,2.567000,0.211125,66,reversion
NATGAS,short,2012-03-05,2012-03-21,2.355000,2.360000,-0.002123,16,reversion
NATGAS,short,2012-03-26,2012-04-25,2.226000,2.068000,0.070979,30,reversion
NATGAS,long,2012-04-30,2012-05-29,2.285000,2.429000,0.063020,29,reversion
NATGAS,short,2012-06-07,2012-06-14,2.274000,2.495000,-0.097186,7,reversion
NATGAS,long,2012-06-25,2012-08-02,2.694000,2.920000,0.083890,38,reversion
NATGAS,short,2012-08-10,2012-09-04,2.770000,2.854000,-0.030325,25,reversion
NATGAS,long,2012-09-11,2012-10-25,2.992000,3.434000,0.147727,44,reversion
NATGAS,long,2012-10-31,2012-11-28,3.692000,3.696000,0.001083,28,reversion
NATGAS,short,2012-12-10,2012-12-28,3.460000,3.469000,-0.002601,18,reversion
NATGAS,short,2013-01-02,2013-01-14,3.233000,3.373000,-0.043303,12,reversion
NATGAS,long,2013-01-17,2013-01-28,3.494000,3.289000,-0.058672,11,reversion
NATGAS,short,2013-02-14,2013-02-25,3.163000,3.414000,-0.079355,11,stop
NATGAS,long,2013-02-26,2013-05-02,3.427000,4.025000,0.174497,65,reversion
NATGAS,short,2013-05-06,2013-05-20,4.011000,4.090000,-0.019696,14,reversion
NATGAS,short,2013-06-06,2013-07-08,3.827000,3.741000,0.022472,32,reversion
NATGAS,short,2013-07-26,2013-08-15,3.555000,3.419000,0.038256,20,reversion
NATGAS,long,2013-08-28,2013-09-24,3.566000,3.492000,-0.020752,27,reversion
NATGAS,long,2013-10-11,2013-10-22,3.776000,3.581000,-0.051642,11,stop
NATGAS,short,2013-10-29,2013-11-15,3.497000,3.660000,-0.046611,17,reversion
NATGAS,long,2013-11-22,2013-12-31,3.768000,4.230000,0.122612,39,reversion
NATGAS,short,2014-01-08,2014-01-14,4.216000,4.369000,-0.036290,6,reversion
NATGAS,long,2014-01-22,2014-02-07,4.689000,4.775000,0.018341,16,reversion
NATGAS,long,2014-02-19,2014-02-25,6.149000,5.096000,-0.171247,6,stop
NATGAS,short,2014-02-27,2014-03-27,4.511000,4.584000,-0.016183,28,reversion
NATGAS,long,2014-04-09,2014-05-08,4.586000,4.572000,-0.003053,29,reversion
NATGAS,short,2014-05-12,2014-05-28,4.434000,4.619000,-0.041723,16,reversion
NATGAS,long,2014-06-05,2014-06-11,4.701000,4.508000,-0.041055,6,reversion
NATGAS,long,2014-06-12,2014-06-20,4.762000,4.531000,-0.048509,8,stop
NATGAS,short,2014-06-26,2014-08-05,4.400000,3.897000,0.114318,40,reversion
NATGAS,long,2014-08-28,2014-09-04,4.044000,3.819000,-0.055638,7,stop
NATGAS,long,2014-09-29,2014-10-02,4.154000,3.932000,-0.053442,3,stop
NATGAS,short,2014-10-15,2014-10-30,3.800000,3.827000,-0.007105,15,reversion
NATGAS,long,2014-11-03,2014-12-01,4.046000,4.007000,-0.009639,28,reversion
NATGAS,short,2014-12-02,2015-01-14,3.874000,3.233000,0.165462,43,reversion
NATGAS,short,2015-01-29,2015-02-13,2.719000,2.804000,-0.031261,15,reversion
NATGAS,short,2015-03-26,2015-04-30,2.672000,2.751000,-0.029566,35,reversion
NATGAS,long,2015-05-01,2015-05-26,2.776000,2.822000,0.016571,25,reversion
NATGAS,short,2015-05-28,2015-06-09,2.706000,2.846000,-0.051737,12,reversion
NATGAS,short,2015-07-07,2015-07-13,2.716000,2.864000,-0.054492,6,reversion
NATGAS,long,2015-07-15,2015-07-30,2.918000,2.768000,-0.051405,15,reversion
NATGAS,long,2015-08-12,2015-08-17,2.931000,2.728000,-0.069260,5,stop
NATGAS,short,2015-08-18,2015-09-14,2.704000,2.758000,-0.019970,27,reversion
NATGAS,short,2015-09-18,2015-11-06,2.605000,2.371000,0.089827,49,reversion
NATGAS,short,2015-12-07,2015-12-24,2.067000,2.029000,0.018384,17,reversion
NATGAS,long,2015-12-29,2016-01-14,2.372000,2.139000,-0.098229,16,stop
NATGAS,short,2016-02-02,2016-03-11,2.025000,1.822000,0.100247,38,reversion
NATGAS,long,2016-03-17,2016-04-15,1.936000,1.902000,-0.017562,29,reversion
NATGAS,long,2016-04-19,2016-05-16,2.088000,2.029000,-0.028257,27,reversion
NATGAS,short,2016-05-24,2016-05-27,1.980000,2.169000,-0.095454,3,stop
NATGAS,long,2016-05-31,2016-07-11,2.288000,2.702000,0.180944,41,reversion
NATGAS,short,2016-07-20,2016-07-28,2.658000,2.873000,-0.080888,8,reversion
NATGAS,short,2016-08-09,2016-08-23,2.615000,2.761000,-0.055832,14,reversion
NATGAS,long,2016-08-31,2016-09-06,2.887000,2.717000,-0.058885,6,reversion
NATGAS,long,2016-09-12,2016-09-30,2.915000,2.906000,-0.003088,18,reversion
NATGAS,long,2016-10-07,2016-10-21,3.193000,2.993000,-0.062637,14,stop
NATGAS,short,2016-10-24,2016-10-28,2.831000,3.105000,-0.096786,4,stop
NATGAS,short,2016-11-08,2016-11-18,2.633000,2.843000,-0.079757,10,reversion
NATGAS,long,2016-11-28,2016-12-15,3.232000,3.434000,0.062500,17,reversion
NATGAS,long,2016-12-27,2017-01-03,3.761000,3.327000,-0.115395,7,stop
NATGAS,short,2017-01-09,2017-03-06,3.103000,2.901000,0.065098,56,reversion
NATGAS,long,2017-03-13,2017-04-18,3.043000,3.145000,0.033520,36,reversion
NATGAS,short,2017-04-25,2017-04-27,3.043000,3.239000,-0.064410,2,stop
NATGAS,long,2017-05-10,2017-05-30,3.292000,3.145000,-0.044654,20,reversion
NATGAS,short,2017-05-31,2017-06-15,3.071000,3.056000,0.004884,15,reversion
NATGAS,short,2017-06-19,2017-06-28,2.894000,3.067000,-0.059779,9,reversion
NATGAS,short,2017-07-05,2017-07-11,2.840000,3.047000,-0.072887,6,stop
NATGAS,long,2017-07-18,2017-07-24,3.088000,2.899000,-0.061205,6,stop
NATGAS,short,2017-07-31,2017-08-10,2.794000,2.985000,-0.068361,10,stop
NATGAS,long,2017-08-31,2017-09-08,3.040000,2.890000,-0.049342,8,reversion
NATGAS,long,2017-09-18,2017-09-21,3.146000,2.946000,-0.063573,3,stop
NATGAS,short,2017-10-06,2017-11-06,2.863000,3.134000,-0.094656,31,stop
NATGAS,long,2017-11-07,2017-11-20,3.152000,3.047000,-0.033312,13,reversion
NATGAS,short,2017-12-07,2017-12-28,2.763000,2.914000,-0.054651,21,reversion
NATGAS,long,2018-01-02,2018-01-05,3.056000,2.795000,-0.085406,3,stop
NATGAS,long,2018-01-11,2018-01-31,3.084000,2.995000,-0.028859,20,reversion
NATGAS,short,2018-02-05,2018-02-27,2.747000,2.683000,0.023298,22,reversion
NATGAS,long,2018-03-07,2018-03-15,2.777000,2.681000,-0.034570,8,reversion
NATGAS,short,2018-03-22,2018-03-29,2.617000,2.733000,-0.044326,7,reversion
NATGAS,long,2018-04-13,2018-05-04,2.735000,2.711000,-0.008775,21,reversion
NATGAS,long,2018-05-14,2018-07-02,2.842000,2.862000,0.007037,49,reversion
NATGAS,short,2018-07-05,2018-07-27,2.837000,2.822000,0.005287,22,reversion
NATGAS,long,2018-08-06,2018-08-27,2.860000,2.876000,0.005594,21,reversion
NATGAS,short,2018-09-04,2018-09-18,2.823000,2.933000,-0.038966,14,stop
NATGAS,long,2018-09-20,2018-10-22,2.976000,3.138000,0.054435,32,reversion
NATGAS,long,2018-11-05,2018-12-12,3.567000,4.136000,0.159518,37,reversion
NATGAS,short,2018-12-14,2019-01-14,3.827000,3.591000,0.061667,31,reversion
NATGAS,short,2019-01-28,2019-02-21,2.911000,2.697000,0.073514,24,reversion
NATGAS,long,2019-03-01,2019-03-11,2.859000,2.772000,-0.030430,10,reversion
NATGAS,short,2019-03-26,2019-04-29,2.740000,2.593000,0.053650,34,reversion
NATGAS,long,2019-05-13,2019-05-22,2.621000,2.543000,-0.029760,9,reversion
NATGAS,short,2019-05-31,2019-07-05,2.454000,2.418000,0.014670,35,reversion
NATGAS,long,2019-07-09,2019-07-18,2.425000,2.287000,-0.056907,9,reversion
NATGAS,short,2019-07-24,2019-08-15,2.220000,2.232000,-0.005405,22,reversion
NATGAS,long,2019-08-28,2019-09-23,2.251000,2.527000,0.122612,26,reversion
NATGAS,short,2019-10-01,2019-10-28,2.283000,2.446000,-0.071397,27,reversion
NATGAS,long,2019-10-29,2019-11-13,2.597000,2.600000,0.001155,15,reversion
NATGAS,short,2019-11-26,2020-01-10,2.470000,2.202000,0.108502,45,reversion
NATGAS,short,2020-01-15,2020-02-18,2.120000,1.981000,0.065566,34,reversion
NATGAS,short,2020-02-27,2020-03-10,1.752000,1.936000,-0.105023,12,stop
NATGAS,short,2020-03-18,2020-04-06,1.604000,1.731000,-0.079177,19,reversion
NATGAS,long,2020-04-20,2020-05-12,1.924000,1.720000,-0.106029,22,reversion
NATGAS,short,2020-06-15,2020-06-29,1.669000,1.709000,-0.023966,14,reversion
NATGAS,long,2020-07-06,2020-07-16,1.830000,1.723000,-0.058470,10,reversion
NATGAS,long,2020-08-03,2020-09-08,2.101000,2.400000,0.142313,36,reversion
NATGAS,short,2020-09-11,2020-09-29,2.269000,2.561000,-0.128691,18,reversion
NATGAS,long,2020-10-05,2020-11-05,2.615000,2.942000,0.125048,31,reversion
NATGAS,short,2020-11-16,2020-12-18,2.697000,2.700000,-0.001112,32,reversion
NATGAS,short,2020-12-28,2021-01-05,2.305000,2.702000,-0.172234,8,stop
NATGAS,long,2021-01-27,2021-02-24,2.760000,2.854000,0.034058,28,reversion
NATGAS,short,2021-03-04,2021-03-29,2.746000,2.586000,0.058267,25,reversion
NATGAS,short,2021-04-06,2021-04-15,2.456000,2.658000,-0.082248,9,stop
NATGAS,long,2021-04-16,2021-05-20,2.680000,2.925000,0.091418,34,reversion
NATGAS,long,2021-06-08,2021-08-13,3.128000,3.861000,0.234335,66,reversion
NATGAS,short,2021-08-17,2021-08-26,3.837000,4.184000,-0.090435,9,stop
NATGAS,long,2021-08-27,2021-10-11,4.370000,5.345000,0.223112,45,reversion
NATGAS,short,2021-11-09,2021-11-26,4.979000,5.447000,-0.093995,17,reversion
NATGAS,short,2021-11-30,2021-12-22,4.567000,3.976000,0.129407,22,reversion
NATGAS,short,2021-12-30,2022-01-10,3.561000,4.079000,-0.145465,11,reversion
NATGAS,long,2022-01-11,2022-01-20,4.249000,3.802000,-0.105201,9,reversion
NATGAS,long,2022-01-27,2022-01-28,6.265000,4.639000,-0.259537,1,stop
NATGAS,long,2022-03-04,2022-06-14,5.016000,7.189000,0.433214,102,reversion
NATGAS,short,2022-06-17,2022-07-13,6.944000,6.689000,0.036722,26,reversion
NATGAS,long,2022-07-15,2022-08-08,7.016000,7.589000,0.081671,24,reversion
NATGAS,long,2022-08-16,2022-08-30,9.329000,9.042000,-0.030764,14,reversion
NATGAS,short,2022-09-07,2022-09-14,7.842000,9.114000,-0.162204,7,stop
NATGAS,short,2022-09-16,2022-10-31,7.764000,6.355000,0.181479,45,reversion
NATGAS,long,2022-11-07,2022-11-09,6.944000,5.865000,-0.155386,2,stop
NATGAS,long,2022-11-23,2022-12-02,7.308000,6.281000,-0.140531,9,reversion
NATGAS,short,2022-12-05,2022-12-13,5.577000,6.935000,-0.243500,8,stop
NATGAS,short,2022-12-20,2023-02-27,5.326000,2.731000,0.487232,69,reversion
NATGAS,long,2023-02-28,2023-03-10,2.747000,2.430000,-0.115399,10,reversion
NATGAS,short,2023-03-22,2023-04-17,2.171000,2.275000,-0.047904,26,reversion
NATGAS,long,2023-04-18,2023-05-04,2.366000,2.101000,-0.112003,16,reversion
NATGAS,long,2023-05-18,2023-05-26,2.592000,2.181000,-0.158565,8,stop
NATGAS,long,2023-06-16,2023-07-07,2.632000,2.582000,-0.018997,21,reversion
NATGAS,short,2023-07-27,2023-08-08,2.492000,2.777000,-0.114366,12,stop
NATGAS,long,2023-08-09,2023-08-15,2.959000,2.659000,-0.101386,6,stop
NATGAS,long,2023-09-19,2023-10-19,2.848000,2.957000,0.038272,30,reversion
NATGAS,long,2023-10-31,2023-11-07,3.575000,3.140000,-0.121678,7,stop
NATGAS,short,2023-11-20,2023-12-22,2.882000,2.610000,0.094379,32,reversion
NATGAS,long,2024-01-03,2024-01-18,2.668000,2.697000,0.010870,15,reversion
NATGAS,short,2024-01-22,2024-02-28,2.419000,1.885000,0.220752,37,reversion
NATGAS,short,2024-03-26,2024-03-28,1.575000,1.763000,-0.119365,2,reversion
NATGAS,long,2024-04-09,2024-04-15,1.872000,1.691000,-0.096688,6,reversion
NATGAS,short,2024-04-24,2024-04-29,1.653000,2.030000,-0.228070,5,stop
NATGAS,long,2024-05-02,2024-06-20,2.035000,2.741000,0.346929,49,reversion
NATGAS,short,2024-07-01,2024-08-08,2.478000,2.127000,0.141646,38,reversion
NATGAS,short,2024-08-27,2024-08-29,1.904000,2.137000,-0.122374,2,stop
NATGAS,long,2024-09-05,2024-10-11,2.254000,2.632000,0.167702,36,reversion
NATGAS,short,2024-10-17,2024-10-30,2.347000,2.845000,-0.212186,13,stop
SOYBEAN,short,2010-02-01,2010-02-10,909.750000,937.500000,-0.030503,9,reversion
SOYBEAN,long,2010-02-16,2010-02-25,965.500000,941.500000,-0.024858,9,reversion
SOYBEAN,short,2010-03-11,2010-03-17,925.500000,959.000000,-0.036197,6,reversion
SOYBEAN,long,2010-03-19,2010-03-31,961.750000,941.000000,-0.021575,12,reversion
SOYBEAN,long,2010-04-15,2010-05-03,984.000000,975.750000,-0.008384,18,reversion
SOYBEAN,short,2010-05-06,2010-06-03,945.500000,955.000000,-0.010048,28,reversion
SOYBEAN,long,2010-06-16,2010-06-29,957.750000,947.250000,-0.010963,13,reversion
SOYBEAN,long,2010-07-07,2010-07-26,993.000000,998.250000,0.005287,19,reversion
SOYBEAN,long,2010-07-30,2010-08-16,1052.500000,1034.000000,-0.017577,17,reversion
SOYBEAN,long,2010-09-17,2010-10-01,1069.000000,1057.000000,-0.011225,14,reversion
SOYBEAN,long,2010-10-08,2010-11-16,1135.000000,1219.750000,0.074670,39,reversion
SOYBEAN,long,2010-12-13,2011-01-11,1302.500000,1350.500000,0.036852,29,reversion
SOYBEAN,long,2011-01-12,2011-02-14,1409.000000,1402.750000,-0.004436,33,reversion
SOYBEAN,short,2011-02-15,2011-03-03,1368.000000,1405.500000,-0.027412,16,reversion
SOYBEAN,short,2011-03-15,2011-03-18,1270.000000,1362.500000,-0.072835,3,stop
SOYBEAN,long,2011-03-31,2011-04-12,1410.250000,1329.750000,-0.057082,12,stop
SOYBEAN,short,2011-05-05,2011-05-18,1319.750000,1379.500000,-0.045274,13,reversion
SOYBEAN,long,2011-06-01,2011-06-14,1386.250000,1368.000000,-0.013165,13,reversion
SOYBEAN,short,2011-06-16,2011-07-07,1350.500000,1345.500000,0.003702,21,reversion
SOYBEAN,long,2011-07-13,2011-07-29,1387.000000,1354.250000,-0.023612,16,reversion
SOYBEAN,short,2011-08-04,2011-08-19,1339.250000,1359.750000,-0.015307,15,reversion
SOYBEAN,long,2011-08-23,2011-09-12,1389.500000,1387.500000,-0.001439,20,reversion
SOYBEAN,short,2011-09-16,2011-10-12,1355.500000,1239.500000,0.085577,26,reversion
SOYBEAN,short,2011-11-09,2011-12-19,1175.750000,1137.000000,0.032958,40,reversion
SOYBEAN,long,2011-12-21,2012-01-12,1153.750000,1178.500000,0.021452,22,reversion
SOYBEAN,long,2012-02-03,2012-04-18,1232.500000,1407.750000,0.142191,75,reversion
SOYBEAN,long,2012-04-20,2012-05-08,1446.750000,1437.750000,-0.006221,18,reversion
SOYBEAN,short,2012-05-11,2012-06-07,1404.000000,1428.000000,-0.017094,27,reversion
SOYBEAN,long,2012-06-20,2012-08-06,1446.500000,1607.500000,0.111303,47,reversion
SOYBEAN,short,2012-08-07,2012-08-10,1605.250000,1709.500000,-0.064943,3,stop
SOYBEAN,long,2012-08-21,2012-09-10,1753.500000,1713.000000,-0.023097,20,reversion
SOYBEAN,short,2012-09-17,2012-10-23,1669.000000,1553.250000,0.069353,36,reversion
SOYBEAN,short,2012-11-09,2012-11-27,1452.000000,1449.250000,0.001894,18,reversion
SOYBEAN,long,2012-12-14,2012-12-19,1496.000000,1437.000000,-0.039439,5,stop
SOYBEAN,short,2013-01-02,2013-01-11,1405.500000,1424.750000,-0.013696,9,reversion
SOYBEAN,long,2013-01-30,2013-02-11,1478.750000,1431.500000,-0.031953,12,reversion
SOYBEAN,short,2013-02-14,2013-02-19,1418.000000,1470.250000,-0.036848,5,stop
SOYBEAN,long,2013-03-05,2013-03-14,1496.500000,1457.250000,-0.026228,9,reversion
SOYBEAN,short,2013-03-18,2013-04-12,1409.500000,1413.000000,-0.002483,25,reversion
SOYBEAN,long,2013-04-26,2013-05-15,1430.750000,1412.750000,-0.012581,19,reversion
SOYBEAN,long,2013-06-03,2013-06-20,1532.500000,1497.500000,-0.022838,17,reversion
SOYBEAN,long,2013-06-27,2013-07-12,1548.500000,1563.250000,0.009525,15,reversion
SOYBEAN,short,2013-07-15,2013-08-26,1453.750000,1427.750000,0.017885,42,reversion
SOYBEAN,long,2013-08-28,2013-09-16,1433.000000,1348.250000,-0.059142,19,stop
SOYBEAN,short,2013-09-20,2013-10-21,1315.250000,1303.250000,0.009124,31,reversion
SOYBEAN,short,2013-11-01,2013-11-08,1266.000000,1306.000000,-0.031596,7,stop
SOYBEAN,long,2013-11-12,2013-11-15,1319.250000,1280.500000,-0.029373,3,stop
SOYBEAN,long,2013-11-25,2013-12-26,1329.250000,1318.750000,-0.007899,31,reversion
SOYBEAN,short,2013-12-31,2014-01-14,1312.500000,1339.000000,-0.020190,14,reversion
SOYBEAN,short,2014-01-21,2014-02-04,1280.500000,1313.250000,-0.025576,14,reversion
SOYBEAN,long,2014-02-13,2014-03-12,1344.250000,1381.750000,0.027897,27,reversion
SOYBEAN,long,2014-03-31,2014-05-06,1464.000000,1464.000000,0.000000,36,reversion
SOYBEAN,short,2014-05-07,2014-05-09,1451.000000,1501.000000,-0.034459,2,stop
SOYBEAN,short,2014-06-05,2014-06-26,1460.500000,1437.000000,0.016090,21,reversion
SOYBEAN,short,2014-07-02,2014-08-06,1392.500000,1237.000000,0.111670,35,reversion
SOYBEAN,long,2014-08-11,2014-08-14,1314.750000,1224.500000,-0.068644,3,stop
SOYBEAN,short,2014-08-15,2014-10-06,1102.500000,942.250000,0.145351,52,reversion
SOYBEAN,long,2014-10-23,2014-11-19,993.250000,1004.750000,0.011578,27,reversion
SOYBEAN,short,2014-12-02,2014-12-09,995.750000,1049.250000,-0.053728,7,stop
SOYBEAN,short,2015-01-02,2015-01-06,1002.500000,1051.000000,-0.048379,4,stop
SOYBEAN,long,2015-01-07,2015-01-12,1052.750000,1013.500000,-0.037283,5,stop
SOYBEAN,short,2015-01-13,2015-02-03,1000.000000,987.000000,0.013000,21,reversion
SOYBEAN,long,2015-02-17,2015-03-04,1007.750000,989.000000,-0.018606,15,reversion
SOYBEAN,short,2015-03-13,2015-04-01,968.250000,989.750000,-0.022205,19,reversion
SOYBEAN,short,2015-04-09,2015-04-23,953.500000,978.250000,-0.025957,14,reversion
SOYBEAN,long,2015-05-05,2015-05-12,993.500000,967.000000,-0.026673,7,reversion
SOYBEAN,short,2015-05-14,2015-06-04,963.000000,946.500000,0.017134,21,reversion
SOYBEAN,long,2015-06-16,2015-07-24,957.500000,991.250000,0.035248,38,reversion
SOYBEAN,short,2015-07-27,2015-08-07,961.250000,1009.000000,-0.049675,11,reversion
SOYBEAN,short,2015-08-12,2015-09-25,951.000000,889.250000,0.064932,44,reversion
SOYBEAN,long,2015-09-30,2015-10-26,892.000000,885.000000,-0.007848,26,reversion
SOYBEAN,short,2015-11-02,2015-11-25,877.750000,875.250000,0.002848,23,reversion
SOYBEAN,long,2015-12-01,2015-12-11,889.250000,870.750000,-0.020804,10,reversion
SOYBEAN,long,2016-01-13,2016-01-20,899.000000,874.000000,-0.027809,7,stop
SOYBEAN,short,2016-02-05,2016-02-17,867.500000,882.500000,-0.017291,12,reversion
SOYBEAN,short,2016-02-25,2016-03-08,859.000000,877.500000,-0.021537,12,stop
SOYBEAN,long,2016-03-11,2016-04-05,888.000000,904.750000,0.018863,25,reversion
SOYBEAN,long,2016-04-11,2016-05-24,928.250000,1054.750000,0.136278,43,reversion
SOYBEAN,long,2016-05-25,2016-06-21,1085.500000,1133.250000,0.043989,27,reversion
SOYBEAN,short,2016-07-07,2016-07-13,1054.250000,1128.000000,-0.069955,6,stop
SOYBEAN,short,2016-07-19,2016-08-15,1044.000000,1023.750000,0.019397,27,reversion
SOYBEAN,long,2016-08-22,2016-08-25,1035.250000,998.250000,-0.035740,3,reversion
SOYBEAN,short,2016-08-29,2016-09-09,983.250000,997.250000,-0.014238,11,reversion
SOYBEAN,short,2016-09-15,2016-09-20,950.500000,989.750000,-0.041294,5,stop
SOYBEAN,short,2016-09-26,2016-10-17,945.250000,978.250000,-0.034911,21,reversion
SOYBEAN,long,2016-10-19,2016-11-14,981.500000,971.000000,-0.010698,26,reversion
SOYBEAN,long,2016-11-21,2016-12-08,1020.250000,1027.000000,0.006616,17,reversion
SOYBEAN,short,2016-12-20,2017-01-12,1005.250000,1032.000000,-0.026610,23,reversion
SOYBEAN,long,2017-01-13,2017-01-30,1042.500000,1022.750000,-0.018945,17,reversion
SOYBEAN,short,2017-02-23,2017-04-24,1011.500000,961.250000,0.049679,60,reversion
SOYBEAN,long,2017-05-03,2017-05-18,965.500000,944.750000,-0.021491,15,reversion
SOYBEAN,short,2017-05-25,2017-06-09,939.500000,941.500000,-0.002129,15,reversion
SOYBEAN,short,2017-06-22,2017-06-30,904.000000,942.250000,-0.042312,8,stop
SOYBEAN,long,2017-07-03,2017-08-01,964.750000,959.500000,-0.005442,29,reversion
SOYBEAN,short,2017-08-03,2017-08-24,950.500000,941.250000,0.009732,21,reversion
SOYBEAN,long,2017-09-06,2017-09-28,964.500000,959.500000,-0.005184,22,reversion
SOYBEAN,long,2017-10-12,2017-10-26,992.000000,971.250000,-0.020917,14,reversion
SOYBEAN,short,2017-11-13,2017-11-17,963.500000,990.500000,-0.028023,4,stop
SOYBEAN,long,2017-11-22,2017-12-11,997.250000,982.500000,-0.014791,19,reversion
SOYBEAN,short,2017-12-14,2018-01-03,967.750000,959.750000,0.008267,20,reversion
SOYBEAN,short,2018-01-11,2018-01-16,940.500000,968.000000,-0.029240,5,stop
SOYBEAN,long,2018-01-17,2018-02-05,968.750000,969.750000,0.001032,19,reversion
SOYBEAN,long,2018-02-12,2018-03-09,1001.750000,1029.250000,0.027452,25,reversion
SOYBEAN,short,2018-03-27,2018-04-09,1019.500000,1047.000000,-0.026974,13,reversion
SOYBEAN,long,2018-04-10,2018-04-20,1050.000000,1028.750000,-0.020238,10,reversion
SOYBEAN,short,2018-05-07,2018-05-21,1002.250000,1025.250000,-0.022948,14,reversion
SOYBEAN,short,2018-06-06,2018-07-24,994.250000,858.000000,0.137038,48,reversion
SOYBEAN,long,2018-07-30,2018-08-10,875.000000,846.000000,-0.033143,11,reversion
SOYBEAN,short,2018-08-23,2018-09-20,842.000000,850.250000,-0.009798,28,reversion
SOYBEAN,long,2018-09-27,2018-10-24,855.000000,850.250000,-0.005556,27,reversion
SOYBEAN,short,2018-10-25,2018-11-01,841.750000,869.000000,-0.032373,7,reversion
SOYBEAN,long,2018-11-15,2018-11-26,888.750000,862.250000,-0.029817,11,stop
SOYBEAN,long,2018-11-30,2018-12-19,894.750000,900.000000,0.005868,19,reversion
SOYBEAN,short,2018-12-26,2019-01-03,870.000000,900.250000,-0.034770,8,stop
SOYBEAN,long,2019-01-18,2019-02-07,916.750000,913.250000,-0.003818,20,reversion
SOYBEAN,short,2019-02-14,2019-03-15,903.500000,909.250000,-0.006364,29,reversion
SOYBEAN,short,2019-04-17,2019-05-16,879.000000,839.750000,0.044653,29,reversion
SOYBEAN,long,2019-05-28,2019-06-27,856.000000,887.750000,0.037091,30,reversion
SOYBEAN,short,2019-07-31,2019-09-04,864.000000,862.500000,0.001736,35,reversion
SOYBEAN,long,2019-09-12,2019-10-25,883.000000,920.250000,0.042186,43,reversion
SOYBEAN,short,2019-11-06,2019-12-09,915.000000,897.250000,0.019399,33,reversion
SOYBEAN,long,2019-12-16,2020-01-13,922.000000,929.250000,0.007863,28,reversion
SOYBEAN,short,2020-01-16,2020-02-13,924.000000,896.250000,0.030032,28,reversion
SOYBEAN,long,2020-03-04,2020-03-09,898.750000,863.500000,-0.039221,5,stop
SOYBEAN,short,2020-03-12,2020-03-23,855.000000,884.000000,-0.033918,11,stop
SOYBEAN,short,2020-04-16,2020-04-30,836.750000,850.250000,-0.016134,14,reversion
SOYBEAN,long,2020-06-03,2020-06-26,857.500000,865.000000,0.008746,23,reversion
SOYBEAN,long,2020-06-30,2020-08-04,884.250000,883.750000,-0.000565,35,reversion
SOYBEAN,short,2020-08-07,2020-08-12,870.250000,890.500000,-0.023269,5,stop
SOYBEAN,long,2020-08-13,2020-11-02,907.250000,1050.750000,0.158170,81,reversion
SOYBEAN,long,2020-11-05,2020-12-01,1101.750000,1162.000000,0.054686,26,reversion
SOYBEAN,long,2020-12-17,2021-01-22,1201.250000,1311.750000,0.091988,36,reversion
SOYBEAN,long,2021-02-23,2021-03-18,1406.000000,1392.250000,-0.009780,23,reversion
SOYBEAN,short,2021-03-30,2021-03-31,1366.750000,1436.750000,-0.051216,1,stop
SOYBEAN,long,2021-04-19,2021-05-18,1449.750000,1574.250000,0.085877,29,reversion
SOYBEAN,short,2021-05-21,2021-06-02,1526.250000,1562.500000,-0.023751,12,reversion
SOYBEAN,short,2021-06-14,2021-06-30,1472.250000,1450.000000,0.015113,16,reversion
SOYBEAN,long,2021-07-14,2021-07-23,1467.750000,1401.000000,-0.045478,9,reversion
SOYBEAN,short,2021-08-16,2021-09-15,1376.000000,1294.500000,0.059230,30,reversion
SOYBEAN,short,2021-09-30,2021-11-15,1256.000000,1257.250000,-0.000995,46,reversion
SOYBEAN,long,2021-11-17,2021-11-29,1277.000000,1241.500000,-0.027800,12,reversion
SOYBEAN,long,2021-12-16,2022-03-15,1277.250000,1658.750000,0.298689,89,reversion
SOYBEAN,long,2022-03-23,2022-03-29,1718.750000,1643.000000,-0.044073,6,reversion
SOYBEAN,short,2022-03-31,2022-04-18,1618.250000,1714.750000,-0.059632,18,stop
SOYBEAN,long,2022-04-20,2022-05-02,1746.750000,1674.000000,-0.041649,12,reversion
SOYBEAN,short,2022-05-09,2022-05-13,1621.000000,1723.250000,-0.063078,4,stop
SOYBEAN,long,2022-05-26,2022-06-21,1726.500000,1681.000000,-0.026354,26,reversion
SOYBEAN,short,2022-06-22,2022-07-29,1652.750000,1637.000000,0.009530,37,reversion
SOYBEAN,long,2022-08-09,2022-08-15,1693.250000,1494.000000,-0.117673,6,stop
SOYBEAN,short,2022-09-15,2022-10-31,1451.500000,1407.000000,0.030658,46,reversion
SOYBEAN,long,2022-11-01,2022-11-17,1435.750000,1417.000000,-0.013059,16,reversion
SOYBEAN,long,2022-11-30,2023-01-05,1469.500000,1466.750000,-0.001871,36,reversion
SOYBEAN,long,2023-01-12,2023-01-23,1529.500000,1490.250000,-0.025662,11,reversion
SOYBEAN,long,2023-02-10,2023-02-27,1542.500000,1518.250000,-0.015721,17,reversion
SOYBEAN,short,2023-02-28,2023-03-03,1490.500000,1530.500000,-0.026837,3,stop
SOYBEAN,short,2023-03-15,2023-03-31,1489.250000,1505.500000,-0.010912,16,reversion
SOYBEAN,short,2023-04-25,2023-06-02,1445.250000,1352.500000,0.064176,38,reversion
SOYBEAN,long,2023-06-13,2023-07-17,1399.250000,1484.000000,0.060568,34,reversion
SOYBEAN,short,2023-07-31,2023-08-28,1445.750000,1395.250000,0.034930,28,reversion
SOYBEAN,short,2023-09-18,2023-10-17,1316.750000,1296.750000,0.015189,29,reversion
SOYBEAN,long,2023-10-19,2023-10-26,1315.500000,1279.500000,-0.027366,7,reversion
SOYBEAN,long,2023-11-03,2023-11-24,1327.500000,1330.750000,0.002448,21,reversion
SOYBEAN,short,2023-12-01,2024-01-24,1325.000000,1240.250000,0.063962,54,reversion
SOYBEAN,short,2024-01-29,2024-03-07,1194.250000,1157.000000,0.031191,38,reversion
SOYBEAN,long,2024-03-15,2024-04-02,1198.250000,1174.000000,-0.020238,18,reversion
SOYBEAN,short,2024-04-10,2024-05-02,1164.750000,1190.000000,-0.021678,22,reversion
SOYBEAN,long,2024-05-03,2024-05-30,1201.750000,1209.750000,0.006657,27,reversion
SOYBEAN,short,2024-06-03,2024-07-03,1184.500000,1176.500000,0.006754,30,reversion
SOYBEAN,short,2024-07-10,2024-08-29,1141.250000,973.750000,0.146769,50,reversion
SOYBEAN,long,2024-09-18,2024-10-07,1014.000000,1034.000000,0.019724,19,reversion
SOYBEAN,short,2024-10-14,2024-11-07,996.000000,1015.500000,-0.019578,24,reversion
SOYBEAN,long,2024-11-08,2024-11-21,1016.750000,977.750000,-0.038358,13,stop
BTC,short,2014-11-03,2014-11-10,327.553986,366.924011,-0.120194,7,stop
BTC,long,2014-11-12,2014-11-17,423.561005,387.407990,-0.085355,5,stop
BTC,short,2014-12-10,2015-01-26,346.364990,273.472992,0.210449,47,reversion
BTC,long,2015-02-27,2015-03-18,253.828003,256.299011,0.009735,19,reversion
BTC,short,2015-03-31,2015-05-04,244.223999,239.018005,0.021316,34,reversion
BTC,long,2015-05-08,2015-06-01,243.863007,222.925995,-0.085856,24,stop
BTC,long,2015-06-16,2015-06-24,250.895004,240.514999,-0.041372,8,stop
BTC,long,2015-06-29,2015-08-10,257.063995,264.470001,0.028810,42,reversion
BTC,short,2015-08-13,2015-09-07,264.079987,239.847000,0.091764,25,reversion
BTC,long,2015-10-06,2015-12-28,246.063004,422.278992,0.716142,83,reversion
BTC,short,2016-01-15,2016-01-20,364.330994,420.230011,-0.153429,5,stop
BTC,long,2016-02-18,2016-03-04,422.372986,410.938995,-0.027071,15,reversion
BTC,short,2016-03-18,2016-03-28,409.548004,424.230988,-0.035852,10,reversion
BTC,long,2016-04-12,2016-05-19,425.190002,438.714996,0.031809,37,reversion
BTC,long,2016-05-27,2016-08-01,473.463989,606.271973,0.280503,66,reversion
BTC,short,2016-08-02,2016-08-08,547.465027,591.054016,-0.079620,6,stop
BTC,long,2016-09-05,2016-09-21,606.590027,597.148987,-0.015564,16,reversion
BTC,long,2016-10-10,2017-01-06,618.994019,902.200989,0.457528,88,reversion
BTC,short,2017-01-11,2017-01-17,777.757019,907.937988,-0.167380,6,stop
BTC,long,2017-02-03,2017-03-10,1029.910034,1116.719971,0.084289,35,reversion
BTC,short,2017-03-20,2017-04-03,1054.229980,1143.810059,-0.084972,14,reversion
BTC,long,2017-04-18,2017-07-10,1211.670044,2372.560059,0.958091,83,reversion
BTC,short,2017-07-11,2017-07-20,2337.790039,2817.600098,-0.205241,9,stop
BTC,long,2017-07-31,2017-09-08,2875.340088,4228.750000,0.470696,39,reversion
BTC,short,2017-09-13,2017-09-27,3882.590088,4200.669922,-0.081925,14,reversion
BTC,long,2017-10-09,2017-12-21,4772.020020,15802.900391,2.311575,73,reversion
BTC,short,2018-01-11,2018-02-15,13405.799805,10166.400391,0.241642,35,reversion
BTC,long,2018-02-20,2018-03-07,11403.700195,9965.570312,-0.126111,15,reversion
BTC,short,2018-03-14,2018-04-12,8269.809570,7889.250000,0.046018,29,reversion
BTC,long,2018-04-23,2018-05-11,8930.879883,8441.490234,-0.054797,18,reversion
BTC,short,2018-05-17,2018-06-06,8094.319824,7653.979980,0.054401,20,reversion
BTC,short,2018-06-11,2018-07-06,6906.919922,6673.500000,0.033795,25,reversion
BTC,long,2018-07-17,2018-08-06,7321.040039,6951.799805,-0.050435,20,reversion
BTC,short,2018-08-10,2018-08-24,6184.709961,6719.959961,-0.086544,14,reversion
BTC,long,2018-09-03,2018-09-06,7260.060059,6529.169922,-0.100673,3,stop
BTC,short,2018-09-17,2018-09-21,6281.200195,6734.950195,-0.072239,4,reversion
BTC,short,2018-10-11,2018-10-15,6256.240234,6596.540039,-0.054394,4,stop
BTC,short,2018-11-14,2018-12-20,5738.350098,4134.441406,0.279507,36,reversion
BTC,short,2019-01-15,2019-02-08,3630.675293,3666.780273,-0.009944,24,reversion
BTC,long,2019-02-18,2019-03-04,3915.714355,3761.557129,-0.039369,14,reversion
BTC,long,2019-03-18,2019-07-16,4032.507324,9477.641602,1.350310,120,reversion
BTC,long,2019-08-08,2019-08-14,11966.407227,10051.704102,-0.160007,6,stop
BTC,short,2019-08-28,2019-10-09,9754.422852,8595.740234,0.118785,42,reversion
BTC,short,2019-10-16,2019-10-25,8047.526855,8660.700195,-0.076194,9,reversion
BTC,long,2019-10-28,2019-11-11,9256.148438,8757.788086,-0.053841,14,reversion
BTC,short,2019-11-22,2020-01-06,7296.577637,7769.219238,-0.064776,45,reversion
BTC,long,2020-01-07,2020-02-20,8163.692383,9608.475586,0.176977,44,reversion
BTC,short,2020-02-26,2020-04-02,8820.522461,6793.624512,0.229793,36,reversion
BTC,long,2020-04-23,2020-06-11,7429.724609,9321.781250,0.254660,49,reversion
BTC,short,2020-06-25,2020-07-08,9264.813477,9428.333008,-0.017650,13,reversion
BTC,long,2020-07-22,2020-08-25,9525.363281,11366.134766,0.193249,34,reversion
BTC,short,2020-09-03,2020-10-08,10245.296875,10915.685547,-0.065434,35,reversion
BTC,long,2020-10-09,2021-01-21,11064.458008,30825.699219,1.786011,104,reversion
BTC,long,2021-02-08,2021-02-25,46196.464844,47093.851562,0.019425,17,reversion
BTC,long,2021-03-10,2021-03-24,56008.550781,52774.265625,-0.057746,14,reversion
BTC,long,2021-03-30,2021-04-19,58917.691406,55724.265625,-0.054201,20,reversion
BTC,short,2021-04-23,2021-04-30,51093.652344,57750.175781,-0.130281,7,stop
BTC,short,2021-05-12,2021-06-14,49150.535156,40218.476562,0.181729,33,reversion
BTC,short,2021-06-21,2021-07-26,31676.693359,37337.535156,-0.178707,35,reversion
BTC,long,2021-07-27,2021-09-07,39406.941406,46811.128906,0.187890,42,reversion
BTC,short,2021-09-20,2021-10-01,42843.800781,48116.941406,-0.123078,11,reversion
BTC,long,2021-10-05,2021-11-16,51514.812500,60161.246094,0.167844,42,reversion
BTC,short,2021-11-18,2021-12-23,56942.136719,50784.539062,0.108138,35,reversion
BTC,short,2022-01-04,2022-02-04,45897.574219,41500.875000,0.095794,31,reversion
BTC,long,2022-02-08,2022-02-18,44118.445312,40030.976562,-0.092648,10,reversion
BTC,long,2022-03-28,2022-04-08,47128.003906,42287.664062,-0.102706,11,stop
BTC,short,2022-04-26,2022-05-30,38117.460938,31726.390625,0.167668,34,reversion
BTC,short,2022-06-13,2022-07-07,22487.388672,21637.587891,0.037790,24,reversion
BTC,long,2022-07-18,2022-08-19,22485.689453,20877.552734,-0.071518,32,reversion
BTC,short,2022-08-26,2022-09-09,20260.019531,21381.152344,-0.055337,14,reversion
BTC,short,2022-09-21,2022-10-03,18547.400391,19623.580078,-0.058023,12,reversion
BTC,long,2022-10-26,2022-11-08,20770.441406,18541.271484,-0.107324,13,stop
BTC,short,2022-11-09,2022-11-10,15880.780273,17586.771484,-0.107425,1,stop
BTC,short,2022-11-21,2022-11-30,15787.284180,17168.566406,-0.087493,9,reversion
BTC,long,2022-12-13,2022-12-16,17781.318359,16647.484375,-0.063765,3,stop
BTC,long,2023-01-11,2023-02-09,17934.896484,21819.039062,0.216569,29,reversion
BTC,long,2023-02-15,2023-03-03,24307.841797,22362.679688,-0.080022,16,stop
BTC,short,2023-03-09,2023-03-13,20363.021484,24197.533203,-0.188308,4,stop
BTC,long,2023-03-16,2023-04-21,25052.789062,27276.910156,0.088777,36,reversion
BTC,short,2023-05-11,2023-05-29,27000.789062,27745.884766,-0.027595,18,reversion
BTC,short,2023-06-05,2023-06-20,25760.097656,28327.488281,-0.099665,15,stop
BTC,long,2023-06-21,2023-07-06,30027.296875,29909.337891,-0.003928,15,reversion
BTC,long,2023-07-13,2023-07-18,31476.048828,29856.562500,-0.051451,5,reversion
BTC,short,2023-07-20,2023-08-08,29792.015625,29765.492188,0.000890,19,reversion
BTC,short,2023-08-16,2023-09-14,28701.779297,26539.673828,0.075330,29,reversion
BTC,long,2023-10-02,2023-10-12,27530.785156,26756.798828,-0.028113,10,reversion
BTC,long,2023-10-16,2024-01-15,28519.466797,42511.968750,0.490630,91,reversion
BTC,short,2024-01-18,2024-01-29,41262.058594,43288.246094,-0.049105,11,reversion
BTC,long,2024-02-09,2024-03-19,47147.199219,61912.773438,0.313180,39,reversion
BTC,short,2024-04-17,2024-05-15,61276.691406,66267.492188,-0.081447,28,reversion
BTC,long,2024-05-17,2024-06-11,67051.875000,67332.031250,0.004178,25,reversion
BTC,short,2024-06-14,2024-07-15,66011.093750,64870.152344,0.017284,31,reversion
BTC,long,2024-07-19,2024-08-02,66710.156250,61415.066406,-0.079375,14,reversion
BTC,short,2024-08-05,2024-08-08,53991.457031,61710.136719,-0.142961,3,stop
BTC,short,2024-09-05,2024-09-13,56160.488281,60571.300781,-0.078539,8,reversion
BTC,long,2024-09-23,2024-10-02,63329.800781,60632.785156,-0.042587,9,reversion
BTC,long,2024-10-14,2024-12-23,66046.125000,94686.242188,0.433638,70,reversion
ETH,long,2017-12-11,2018-01-22,515.135986,1003.260010,0.947563,42,reversion
ETH,short,2018-02-02,2018-02-16,915.784973,944.210022,-0.031039,14,reversion
ETH,short,2018-03-07,2018-04-12,752.830994,492.941010,0.345217,36,reversion
ETH,long,2018-04-19,2018-05-17,567.888977,672.656982,0.184487,28,reversion
ETH,short,2018-05-23,2018-07-09,583.585022,476.682007,0.183183,47,reversion
ETH,short,2018-08-01,2018-09-21,420.747009,246.584000,0.413938,51,reversion
ETH,short,2018-10-11,2018-11-05,189.498993,209.091003,-0.103388,25,reversion
ETH,short,2018-11-14,2018-12-20,181.397003,116.216873,0.359323,36,reversion
ETH,long,2018-12-24,2018-12-27,140.238007,116.575912,-0.168728,3,stop
ETH,long,2019-01-01,2019-01-11,140.819412,127.548325,-0.094242,10,reversion
ETH,short,2019-01-25,2019-02-08,116.378342,119.267746,-0.024828,14,reversion
ETH,long,2019-02-18,2019-03-04,146.098373,127.774124,-0.125424,14,stop
ETH,long,2019-03-27,2019-04-25,140.988159,154.459396,0.095549,29,reversion
ETH,long,2019-05-13,2019-06-04,196.846283,241.338791,0.226027,22,reversion
ETH,long,2019-06-17,2019-07-11,274.351105,268.704041,-0.020583,24,reversion
ETH,short,2019-07-15,2019-08-05,229.776001,234.215027,-0.019319,21,reversion
ETH,short,2019-08-14,2019-09-16,186.607742,197.113174,-0.056297,33,reversion
ETH,long,2019-09-17,2019-09-24,208.608749,168.110733,-0.194134,7,stop
ETH,short,2019-09-26,2019-10-08,166.727127,182.021561,-0.091733,12,reversion
ETH,short,2019-10-23,2019-10-25,162.402786,181.523209,-0.117735,2,stop
ETH,short,2019-11-21,2020-01-03,161.462723,134.171707,0.169024,43,reversion
ETH,long,2020-01-14,2020-02-26,165.955353,225.680267,0.359885,43,reversion
ETH,short,2020-03-09,2020-04-02,201.986328,142.029144,0.296838,24,reversion
ETH,long,2020-04-21,2020-05-11,172.737701,185.912842,0.076273,20,reversion
ETH,long,2020-05-28,2020-06-15,219.840424,229.928909,0.045890,18,reversion
ETH,short,2020-06-30,2020-07-08,226.315002,246.670013,-0.089941,8,stop
ETH,long,2020-07-22,2020-08-27,262.190643,382.632629,0.459368,36,reversion
ETH,long,2020-09-01,2020-09-03,477.051910,385.671936,-0.191551,2,stop
ETH,short,2020-09-07,2020-09-17,352.673492,389.019226,-0.103058,10,reversion
ETH,short,2020-09-23,2020-10-09,321.116302,365.590485,-0.138499,16,reversion
ETH,long,2020-10-21,2021-02-23,392.189972,1570.203979,3.003682,125,reversion
ETH,long,2021-03-31,2021-05-19,1918.362061,2460.679199,0.282698,49,reversion
ETH,short,2021-05-28,2021-07-06,2419.906250,2324.679443,0.039351,39,reversion
ETH,short,2021-07-20,2021-07-23,1787.510742,2124.776611,-0.188679,3,stop
ETH,long,2021-07-29,2021-09-10,2380.956787,3211.505859,0.348830,43,reversion
ETH,short,2021-09-20,2021-10-04,2958.993408,3380.089111,-0.142310,14,reversion
ETH,long,2021-10-14,2021-11-16,3786.014160,4216.365234,0.113669,33,reversion
ETH,short,2021-12-10,2022-02-04,3908.496094,2983.586914,0.236641,56,reversion
ETH,short,2022-03-07,2022-03-18,2497.771240,2945.343018,-0.179188,11,stop
ETH,long,2022-03-22,2022-04-11,2973.131104,2981.052246,0.002664,20,reversion
ETH,short,2022-04-22,2022-07-07,2964.835693,1237.593384,0.582576,76,reversion
ETH,short,2022-07-12,2022-07-15,1038.191650,1233.129150,-0.187766,3,stop
ETH,long,2022-07-18,2022-08-19,1578.717896,1612.987305,0.021707,32,reversion
ETH,short,2022-08-26,2022-09-09,1507.782837,1719.085449,-0.140141,14,reversion
ETH,short,2022-09-15,2022-10-04,1471.693481,1362.126587,0.074450,19,reversion
ETH,long,2022-10-25,2022-11-08,1461.665405,1332.835571,-0.088139,14,stop
ETH,short,2022-11-09,2022-11-10,1100.169800,1299.464600,-0.181149,1,stop
ETH,long,2022-12-13,2022-12-16,1320.549194,1168.259399,-0.115323,3,stop
ETH,long,2023-01-09,2023-02-09,1321.538940,1546.438232,0.170180,31,reversion
ETH,short,2023-02-13,2023-02-15,1507.165894,1673.745972,-0.110525,2,stop
ETH,long,2023-02-17,2023-03-03,1694.783325,1569.167603,-0.074119,14,reversion
ETH,short,2023-03-09,2023-03-13,1438.660767,1680.308960,-0.167967,4,stop
ETH,long,2023-03-14,2023-04-21,1703.507080,1849.999878,0.085995,38,reversion
ETH,short,2023-05-11,2023-05-23,1796.490601,1854.380615,-0.032224,12,reversion
ETH,short,2023-06-12,2023-06-21,1742.528687,1891.007202,-0.085209,9,stop
ETH,long,2023-06-30,2023-07-24,1933.188965,1850.002075,-0.043031,24,reversion
ETH,short,2023-08-02,2023-09-28,1839.089722,1652.882690,0.101250,57,reversion
ETH,long,2023-09-29,2023-10-09,1667.943848,1579.806641,-0.052842,10,stop
ETH,short,2023-10-10,2023-10-23,1567.713013,1765.382690,-0.126088,13,stop
ETH,long,2023-10-24,2023-12-19,1784.437500,2177.872559,0.220481,56,reversion
ETH,long,2023-12-27,2024-01-22,2378.739990,2310.826416,-0.028550,26,reversion
ETH,long,2024-02-12,2024-03-18,2658.115967,3517.985107,0.323488,35,reversion
ETH,short,2024-04-15,2024-05-20,3101.600342,3663.855469,-0.181279,35,stop
ETH,long,2024-05-21,2024-06-07,3789.312744,3678.629150,-0.029209,17,reversion
ETH,short,2024-06-24,2024-07-15,3350.256348,3489.552734,-0.041578,21,reversion
ETH,short,2024-08-05,2024-08-23,2417.206299,2764.447021,-0.143654,18,reversion
ETH,short,2024-09-05,2024-09-19,2367.737549,2464.752197,-0.040974,14,reversion
ETH,long,2024-09-24,2024-10-02,2654.354980,2365.231689,-0.108924,8,stop
ETH,long,2024-11-06,2024-12-18,2724.169189,3618.791260,0.328402,42,reversion
