pair,side,entry_date,exit_date,entry_close,exit_close,pnl_pct,duration_days,exit_reason
EURUSD,short,2010-02-04,2010-03-03,1.374495,1.370163,0.003151,27,reversion
EURUSD,long,2010-03-12,2010-03-19,1.376993,1.353693,-0.016921,7,reversion
EURUSD,short,2010-03-23,2010-04-12,1.346801,1.359601,-0.009504,20,reversion
EURUSD,short,2010-04-22,2010-06-15,1.326999,1.231906,0.071660,54,reversion
EURUSD,long,2010-07-01,2010-08-12,1.250750,1.284406,0.026908,42,reversion
EURUSD,short,2010-08-23,2010-09-03,1.271003,1.282594,-0.009119,11,reversion
EURUSD,long,2010-09-15,2010-10-20,1.299174,1.373909,0.057526,35,reversion
EURUSD,long,2010-11-04,2010-11-10,1.412729,1.377202,-0.025148,6,reversion
EURUSD,short,2010-11-12,2010-12-31,1.362101,1.330123,0.023477,49,reversion
EURUSD,short,2011-01-07,2011-01-14,1.297993,1.335327,-0.028763,7,stop
EURUSD,long,2011-01-17,2011-02-14,1.338025,1.351004,0.009700,28,reversion
EURUSD,long,2011-03-03,2011-05-06,1.386655,1.454440,0.048884,64,reversion
EURUSD,short,2011-05-12,2011-05-31,1.421100,1.432234,-0.007834,19,reversion
EURUSD,long,2011-06-06,2011-06-16,1.465502,1.418198,-0.032278,10,stop
EURUSD,short,2011-06-27,2011-06-30,1.417133,1.447890,-0.021704,3,reversion
EURUSD,short,2011-07-12,2011-07-22,1.404060,1.442003,-0.027023,10,reversion
EURUSD,long,2011-08-29,2011-09-02,1.449506,1.426208,-0.016073,4,reversion
EURUSD,short,2011-09-06,2011-10-11,1.406312,1.363550,0.030407,35,reversion
EURUSD,long,2011-10-17,2011-11-02,1.387906,1.365598,-0.016073,16,reversion
EURUSD,short,2011-11-10,2012-01-20,1.352667,1.296496,0.041527,71,reversion
EURUSD,long,2012-01-26,2012-02-16,1.310736,1.305807,-0.003761,21,reversion
EURUSD,long,2012-02-24,2012-03-05,1.337363,1.318618,-0.014017,10,reversion
EURUSD,short,2012-03-15,2012-03-26,1.302253,1.328304,-0.020004,11,reversion
EURUSD,short,2012-04-16,2012-04-23,1.305653,1.320481,-0.011356,7,reversion
EURUSD,short,2012-05-07,2012-06-07,1.297034,1.257387,0.030567,31,reversion
EURUSD,short,2012-07-06,2012-07-30,1.239157,1.230466,0.007014,24,reversion
EURUSD,long,2012-08-06,2012-09-27,1.242854,1.288162,0.036455,52,reversion
EURUSD,long,2012-10-17,2012-10-29,1.310788,1.292407,-0.014023,12,reversion
EURUSD,short,2012-11-05,2012-11-21,1.282791,1.281443,0.001051,16,reversion
EURUSD,long,2012-11-26,2012-12-10,1.296596,1.290606,-0.004620,14,reversion
EURUSD,long,2012-12-17,2013-01-04,1.316586,1.303271,-0.010113,18,reversion
EURUSD,long,2013-01-11,2013-02-11,1.327316,1.336827,0.007165,31,reversion
EURUSD,short,2013-02-21,2013-04-09,1.327316,1.302932,0.018371,47,reversion
EURUSD,long,2013-04-10,2013-04-24,1.308027,1.299444,-0.006562,14,reversion
EURUSD,long,2013-05-02,2013-05-13,1.318218,1.296529,-0.016453,11,reversion
EURUSD,short,2013-05-15,2013-05-30,1.293711,1.294783,-0.000829,15,reversion
EURUSD,long,2013-06-07,2013-06-24,1.324556,1.310530,-0.010589,17,reversion
EURUSD,short,2013-07-03,2013-07-11,1.297892,1.318774,-0.016089,8,reversion
EURUSD,long,2013-07-23,2013-08-30,1.319035,1.323627,0.003481,38,reversion
EURUSD,short,2013-09-02,2013-09-16,1.320830,1.335934,-0.011436,14,reversion
EURUSD,long,2013-09-19,2013-11-01,1.352302,1.357976,0.004196,43,reversion
EURUSD,short,2013-11-04,2013-11-20,1.349400,1.356742,-0.005440,16,reversion
EURUSD,long,2013-11-29,2013-12-20,1.360396,1.365579,0.003810,21,reversion
EURUSD,long,2013-12-31,2014-01-06,1.381006,1.359601,-0.015499,6,stop
EURUSD,short,2014-01-09,2014-01-24,1.357202,1.368907,-0.008624,15,reversion
EURUSD,short,2014-02-03,2014-02-14,1.348818,1.367877,-0.014130,11,stop
EURUSD,long,2014-02-17,2014-03-21,1.369994,1.378208,0.005995,32,reversion
EURUSD,short,2014-04-04,2014-04-10,1.372382,1.385502,-0.009560,6,reversion
EURUSD,long,2014-05-07,2014-05-12,1.393068,1.376065,-0.012206,5,stop
EURUSD,short,2014-05-13,2014-06-06,1.375667,1.366195,0.006886,24,reversion
EURUSD,short,2014-06-10,2014-06-26,1.359268,1.362899,-0.002671,16,reversion
EURUSD,long,2014-07-01,2014-07-07,1.369357,1.358843,-0.007677,6,reversion
EURUSD,short,2014-07-17,2014-10-16,1.352997,1.282166,0.052351,91,reversion
EURUSD,short,2014-11-03,2014-11-20,1.250313,1.254076,-0.003010,17,reversion
EURUSD,short,2014-11-24,2014-12-17,1.237501,1.251204,-0.011073,23,reversion
EURUSD,short,2014-12-19,2015-02-06,1.229045,1.147197,0.066595,49,reversion
EURUSD,short,2015-02-27,2015-03-24,1.120536,1.094499,0.023236,25,reversion
EURUSD,long,2015-04-06,2015-04-10,1.100134,1.066906,-0.030204,4,reversion
EURUSD,long,2015-04-30,2015-05-21,1.111432,1.110075,-0.001221,21,reversion
EURUSD,short,2015-05-27,2015-06-03,1.088886,1.115001,-0.023984,7,reversion
EURUSD,long,2015-06-18,2015-06-24,1.136997,1.117219,-0.017395,6,reversion
EURUSD,short,2015-07-16,2015-07-28,1.094355,1.109004,-0.013386,12,reversion
EURUSD,long,2015-08-13,2015-09-04,1.116096,1.112595,-0.003138,22,reversion
EURUSD,short,2015-09-23,2015-10-07,1.112075,1.126799,-0.013240,14,reversion
EURUSD,long,2015-10-15,2015-10-23,1.147552,1.108095,-0.034384,8,stop
EURUSD,short,2015-10-26,2015-12-04,1.102038,1.091596,0.009475,39,reversion
EURUSD,long,2015-12-10,2016-01-04,1.101795,1.085399,-0.014881,25,reversion
EURUSD,short,2016-01-05,2016-01-29,1.082755,1.093697,-0.010106,24,reversion
EURUSD,long,2016-02-04,2016-02-19,1.109102,1.111099,0.001800,15,reversion
EURUSD,short,2016-03-01,2016-03-11,1.088898,1.117843,-0.026582,10,stop
EURUSD,long,2016-03-17,2016-04-14,1.121894,1.127904,0.005357,28,reversion
EURUSD,long,2016-05-02,2016-05-16,1.146303,1.131695,-0.012743,14,reversion
EURUSD,short,2016-05-19,2016-06-06,1.122297,1.135100,-0.011408,18,reversion
EURUSD,short,2016-06-27,2016-08-01,1.103594,1.116807,-0.011972,35,reversion
EURUSD,long,2016-08-03,2016-08-31,1.121906,1.115324,-0.005867,28,reversion
EURUSD,short,2016-10-07,2016-11-02,1.114455,1.105705,0.007850,26,reversion
EURUSD,short,2016-11-14,2016-12-02,1.082485,1.066314,0.014939,18,reversion
EURUSD,short,2016-12-15,2016-12-30,1.051414,1.057530,-0.005817,15,reversion
EURUSD,long,2017-01-13,2017-02-08,1.061684,1.067806,0.005766,26,reversion
EURUSD,short,2017-02-14,2017-03-13,1.059850,1.069004,-0.008637,27,reversion
EURUSD,long,2017-03-16,2017-03-31,1.073791,1.068707,-0.004734,15,reversion
EURUSD,short,2017-04-10,2017-04-19,1.058201,1.072869,-0.013861,9,stop
EURUSD,long,2017-04-24,2017-06-16,1.087394,1.114691,0.025103,53,reversion
EURUSD,long,2017-06-28,2017-08-16,1.133915,1.174122,0.035458,49,reversion
EURUSD,long,2017-08-28,2017-09-21,1.195186,1.187211,-0.006672,24,reversion
EURUSD,short,2017-09-26,2017-10-11,1.185565,1.181488,0.003438,15,reversion
EURUSD,short,2017-10-27,2017-11-14,1.163724,1.166494,-0.002380,18,reversion
EURUSD,long,2017-11-24,2017-12-07,1.185396,1.180429,-0.004191,13,reversion
EURUSD,long,2017-12-28,2018-02-08,1.190079,1.226813,0.030867,42,reversion
EURUSD,short,2018-02-28,2018-03-07,1.223032,1.241665,-0.015235,7,reversion
EURUSD,long,2018-03-27,2018-04-06,1.245749,1.225160,-0.016527,10,stop
EURUSD,short,2018-04-24,2018-06-07,1.220897,1.178550,0.034685,44,reversion
EURUSD,short,2018-06-28,2018-07-09,1.156363,1.175226,-0.016312,11,reversion
EURUSD,short,2018-08-03,2018-08-27,1.158601,1.164890,-0.005428,24,reversion
EURUSD,long,2018-08-29,2018-09-10,1.169126,1.156109,-0.011133,12,reversion
EURUSD,long,2018-09-21,2018-10-01,1.177593,1.160537,-0.014483,10,reversion
EURUSD,short,2018-10-03,2018-11-20,1.155175,1.145502,0.008374,48,reversion
EURUSD,long,2018-12-21,2019-01-03,1.145685,1.131811,-0.012110,13,reversion
EURUSD,long,2019-01-10,2019-01-21,1.155495,1.136557,-0.016389,11,stop
EURUSD,short,2019-01-25,2019-01-30,1.131350,1.143537,-0.010772,5,reversion
EURUSD,short,2019-02-12,2019-02-26,1.127904,1.136751,-0.007844,14,reversion
EURUSD,short,2019-03-08,2019-03-14,1.119833,1.133106,-0.011852,6,stop
EURUSD,long,2019-03-21,2019-03-25,1.142792,1.129586,-0.011556,4,stop
EURUSD,short,2019-04-25,2019-05-10,1.115349,1.122208,-0.006150,15,reversion
EURUSD,short,2019-05-30,2019-06-04,1.113735,1.124632,-0.009784,5,stop
EURUSD,long,2019-06-05,2019-06-19,1.125404,1.119821,-0.004961,14,reversion
EURUSD,long,2019-06-24,2019-07-05,1.138472,1.128579,-0.008690,11,reversion
EURUSD,short,2019-07-23,2019-08-06,1.120611,1.124379,-0.003362,14,reversion
EURUSD,short,2019-08-30,2019-09-16,1.106195,1.108340,-0.001940,17,reversion
EURUSD,short,2019-09-26,2019-10-10,1.095290,1.098780,-0.003186,14,reversion
EURUSD,long,2019-10-17,2019-11-06,1.107493,1.107420,-0.000066,20,reversion
EURUSD,short,2019-11-13,2019-11-20,1.101237,1.108000,-0.006142,7,reversion
EURUSD,short,2019-11-28,2019-12-04,1.100485,1.108525,-0.007305,6,reversion
EURUSD,long,2019-12-06,2020-01-20,1.110543,1.109459,-0.000976,45,reversion
EURUSD,short,2020-01-22,2020-02-27,1.108561,1.088589,0.018016,36,reversion
EURUSD,long,2020-03-03,2020-03-18,1.114405,1.101552,-0.011533,15,reversion
EURUSD,short,2020-03-20,2020-03-27,1.065735,1.104826,-0.036680,7,stop
EURUSD,short,2020-04-24,2020-05-01,1.077702,1.094547,-0.015630,7,reversion
EURUSD,long,2020-05-21,2020-06-19,1.098298,1.121100,0.020762,29,reversion
EURUSD,long,2020-07-14,2020-09-09,1.134550,1.177024,0.037438,57,reversion
EURUSD,short,2020-09-22,2020-10-06,1.176800,1.179245,-0.002078,14,reversion
EURUSD,long,2020-10-21,2020-10-30,1.182984,1.167870,-0.012777,9,reversion
EURUSD,short,2020-11-02,2020-11-06,1.164212,1.181754,-0.015067,4,stop
EURUSD,long,2020-11-09,2021-01-01,1.189301,1.218027,0.024154,53,reversion
EURUSD,long,2021-01-06,2021-01-12,1.230027,1.216070,-0.011347,6,reversion
EURUSD,short,2021-01-15,2021-02-12,1.215126,1.213151,0.001626,28,reversion
EURUSD,long,2021-02-23,2021-03-05,1.216680,1.196774,-0.016361,10,stop
EURUSD,short,2021-03-08,2021-04-07,1.192563,1.187423,0.004310,30,reversion
EURUSD,long,2021-04-15,2021-05-06,1.198610,1.200797,0.001825,21,reversion
EURUSD,long,2021-05-10,2021-06-04,1.217108,1.213301,-0.003128,25,reversion
EURUSD,short,2021-06-14,2021-07-29,1.211020,1.184596,0.021820,45,reversion
EURUSD,long,2021-07-30,2021-08-09,1.189300,1.174950,-0.012066,10,stop
EURUSD,short,2021-08-10,2021-08-30,1.173847,1.179901,-0.005157,20,reversion
EURUSD,long,2021-09-02,2021-09-15,1.184091,1.180498,-0.003034,13,reversion
EURUSD,short,2021-09-22,2021-10-20,1.172292,1.163196,0.007758,28,reversion
EURUSD,long,2021-10-29,2021-11-01,1.168361,1.155668,-0.010863,3,stop
EURUSD,short,2021-11-11,2021-12-09,1.148594,1.134559,0.012219,28,reversion
EURUSD,long,2021-12-30,2022-01-05,1.136015,1.128363,-0.006736,6,reversion
EURUSD,long,2022-01-13,2022-01-26,1.144165,1.130454,-0.011983,13,reversion
EURUSD,short,2022-01-27,2022-02-04,1.124354,1.143576,-0.017096,8,stop
EURUSD,short,2022-03-02,2022-03-18,1.113276,1.109952,0.002986,16,reversion
EURUSD,long,2022-03-31,2022-04-05,1.116184,1.097586,-0.016661,5,reversion
EURUSD,short,2022-04-07,2022-05-20,1.089823,1.057899,0.029293,43,reversion
EURUSD,long,2022-05-25,2022-06-10,1.073653,1.061921,-0.010927,16,reversion
EURUSD,short,2022-06-14,2022-06-27,1.041515,1.056613,-0.014497,13,reversion
EURUSD,short,2022-07-06,2022-08-02,1.025767,1.026136,-0.000359,27,reversion
EURUSD,long,2022-08-11,2022-08-19,1.030078,1.008990,-0.020472,8,reversion
EURUSD,short,2022-08-22,2022-09-12,1.003522,1.007141,-0.003606,21,reversion
EURUSD,short,2022-09-22,2022-10-05,0.983072,0.998432,-0.015625,13,reversion
EURUSD,long,2022-10-27,2022-11-03,1.009194,0.981441,-0.027500,7,stop
EURUSD,long,2022-11-11,2023-01-04,1.019222,1.054685,0.034794,54,reversion
EURUSD,long,2023-01-10,2023-02-06,1.073318,1.079086,0.005374,27,reversion
EURUSD,short,2023-02-07,2023-03-07,1.073076,1.068833,0.003955,28,reversion
EURUSD,short,2023-03-08,2023-03-14,1.055075,1.072501,-0.016516,6,reversion
EURUSD,long,2023-03-22,2023-05-10,1.077424,1.096467,0.017675,49,reversion
EURUSD,short,2023-05-12,2023-06-09,1.091215,1.078272,0.011861,28,reversion
EURUSD,long,2023-06-15,2023-06-30,1.084305,1.086803,0.002304,15,reversion
EURUSD,long,2023-07-11,2023-07-28,1.100594,1.097876,-0.002470,17,reversion
EURUSD,short,2023-08-15,2023-08-31,1.090988,1.093255,-0.002077,16,reversion
EURUSD,short,2023-09-04,2023-10-11,1.077586,1.060479,0.015875,37,reversion
EURUSD,long,2023-10-24,2023-12-04,1.066985,1.088815,0.020459,41,reversion
EURUSD,long,2023-12-22,2024-01-03,1.100619,1.094176,-0.005854,12,reversion
EURUSD,short,2024-01-17,2024-02-21,1.087879,1.081315,0.006034,35,reversion
EURUSD,long,2024-03-05,2024-03-22,1.085517,1.086236,0.000663,17,reversion
EURUSD,short,2024-03-29,2024-04-09,1.079447,1.086366,-0.006410,11,reversion
EURUSD,short,2024-04-12,2024-04-26,1.072685,1.072961,-0.000258,14,reversion
EURUSD,long,2024-05-10,2024-05-30,1.078516,1.080182,0.001545,20,reversion
EURUSD,long,2024-06-04,2024-06-10,1.090739,1.077888,-0.011781,6,stop
EURUSD,short,2024-06-11,2024-07-04,1.076426,1.079331,-0.002698,23,reversion
EURUSD,long,2024-07-08,2024-07-30,1.082603,1.081947,-0.000606,22,reversion
EURUSD,short,2024-08-02,2024-08-05,1.078760,1.091084,-0.011424,3,stop
EURUSD,long,2024-08-06,2024-09-10,1.095098,1.103753,0.007903,35,reversion
EURUSD,long,2024-09-25,2024-10-02,1.119119,1.106390,-0.011374,7,reversion
EURUSD,short,2024-10-07,2024-11-01,1.097454,1.088613,0.008056,25,reversion
EURUSD,short,2024-11-07,2024-12-06,1.073307,1.058560,0.013740,29,reversion
GBPUSD,short,2010-02-03,2010-03-16,1.592002,1.523693,0.042907,41,reversion
GBPUSD,short,2010-03-24,2010-04-01,1.489891,1.529192,-0.026379,8,stop
GBPUSD,long,2010-04-09,2010-04-27,1.536996,1.524762,-0.007959,18,reversion
GBPUSD,short,2010-05-04,2010-06-01,1.512791,1.466706,0.030463,28,reversion
GBPUSD,long,2010-06-10,2010-08-13,1.470848,1.558774,0.059779,64,reversion
GBPUSD,short,2010-08-24,2010-09-15,1.549619,1.553398,-0.002439,22,reversion
GBPUSD,long,2010-09-16,2010-10-20,1.563404,1.570302,0.004413,34,reversion
GBPUSD,short,2010-10-25,2010-11-01,1.567890,1.604802,-0.023542,7,stop
GBPUSD,long,2010-11-02,2010-11-17,1.605987,1.588714,-0.010756,15,reversion
GBPUSD,short,2010-11-26,2010-12-09,1.575970,1.579654,-0.002338,13,reversion
GBPUSD,short,2010-12-20,2011-01-03,1.551301,1.557244,-0.003831,14,reversion
GBPUSD,long,2011-01-13,2011-03-11,1.574927,1.606606,0.020115,57,reversion
GBPUSD,short,2011-03-17,2011-03-22,1.599130,1.630869,-0.019848,5,stop
GBPUSD,long,2011-03-23,2011-03-28,1.636019,1.600410,-0.021766,5,stop
GBPUSD,short,2011-03-29,2011-04-06,1.599079,1.630098,-0.019398,8,stop
GBPUSD,long,2011-04-11,2011-05-06,1.637412,1.638592,0.000721,25,reversion
GBPUSD,short,2011-05-16,2011-05-27,1.617599,1.638538,-0.012944,11,reversion
GBPUSD,short,2011-06-23,2011-07-14,1.605987,1.616815,-0.006742,21,reversion
GBPUSD,long,2011-07-22,2011-08-05,1.632333,1.623587,-0.005358,14,reversion
GBPUSD,long,2011-08-17,2011-09-01,1.644088,1.625144,-0.011522,15,reversion
GBPUSD,short,2011-09-06,2011-10-11,1.609995,1.565827,0.027433,35,reversion
GBPUSD,long,2011-10-17,2011-11-15,1.582629,1.590002,0.004659,29,reversion
GBPUSD,short,2011-11-17,2011-12-23,1.570796,1.567988,0.001787,36,reversion
GBPUSD,short,2011-12-29,2012-01-23,1.544402,1.554557,-0.006576,25,reversion
GBPUSD,long,2012-01-26,2012-02-15,1.566097,1.569120,0.001930,20,reversion
GBPUSD,long,2012-02-29,2012-03-12,1.592205,1.567300,-0.015642,12,stop
GBPUSD,short,2012-03-13,2012-03-20,1.565435,1.588815,-0.014935,7,reversion
GBPUSD,long,2012-03-27,2012-05-14,1.596169,1.607717,0.007235,48,reversion
GBPUSD,short,2012-05-17,2012-06-18,1.592103,1.571586,0.012887,32,reversion
GBPUSD,short,2012-07-09,2012-07-20,1.547988,1.571833,-0.015404,11,reversion
GBPUSD,long,2012-07-30,2012-10-01,1.572822,1.612487,0.025219,63,reversion
GBPUSD,short,2012-10-10,2012-11-26,1.599693,1.602795,-0.001939,47,reversion
GBPUSD,long,2012-12-04,2013-01-04,1.609787,1.608234,-0.000965,31,reversion
GBPUSD,short,2013-01-09,2013-03-22,1.606168,1.518211,0.054762,72,reversion
GBPUSD,long,2013-03-25,2013-04-22,1.524599,1.522534,-0.001355,28,reversion
GBPUSD,long,2013-04-26,2013-05-13,1.543686,1.534189,-0.006152,17,reversion
GBPUSD,short,2013-05-20,2013-06-04,1.518119,1.532144,-0.009239,15,reversion
GBPUSD,long,2013-06-07,2013-06-24,1.560257,1.538911,-0.013681,17,reversion
GBPUSD,short,2013-07-01,2013-07-19,1.520473,1.522209,-0.001142,18,reversion
GBPUSD,long,2013-07-26,2013-08-01,1.538177,1.517497,-0.013445,6,reversion
GBPUSD,long,2013-08-08,2013-08-30,1.549691,1.550652,0.000620,22,reversion
GBPUSD,long,2013-09-10,2013-10-10,1.569760,1.595507,0.016402,30,reversion
GBPUSD,short,2013-10-17,2013-10-21,1.594388,1.617207,-0.014312,4,reversion
GBPUSD,short,2013-11-04,2013-11-18,1.592382,1.611396,-0.011940,14,reversion
GBPUSD,long,2013-11-25,2013-12-16,1.623113,1.630497,0.004549,21,reversion
GBPUSD,long,2013-12-30,2014-01-14,1.648234,1.638995,-0.005605,15,reversion
GBPUSD,long,2014-01-24,2014-02-04,1.663478,1.630896,-0.019587,11,stop
GBPUSD,long,2014-02-14,2014-03-11,1.665723,1.664004,-0.001032,25,reversion
GBPUSD,short,2014-03-19,2014-03-31,1.659806,1.664392,-0.002763,12,reversion
GBPUSD,long,2014-04-09,2014-05-15,1.675014,1.677008,0.001191,36,reversion
GBPUSD,short,2014-05-29,2014-06-13,1.671598,1.695893,-0.014534,15,stop
GBPUSD,long,2014-06-16,2014-07-15,1.697793,1.708788,0.006476,29,reversion
GBPUSD,short,2014-07-25,2014-09-19,1.699178,1.643709,0.032644,56,reversion
GBPUSD,short,2014-10-06,2014-11-27,1.596398,1.578906,0.010958,52,reversion
GBPUSD,short,2014-12-01,2015-02-06,1.561207,1.532591,0.018330,67,reversion
GBPUSD,long,2015-02-13,2015-03-05,1.539196,1.526508,-0.008243,20,reversion
GBPUSD,short,2015-03-09,2015-04-20,1.505775,1.496827,0.005942,42,reversion
GBPUSD,long,2015-04-23,2015-05-26,1.503759,1.547221,0.028902,33,reversion
GBPUSD,long,2015-06-18,2015-07-02,1.584811,1.560501,-0.015340,14,reversion
GBPUSD,short,2015-07-09,2015-07-15,1.536996,1.563697,-0.017373,6,stop
GBPUSD,long,2015-08-17,2015-08-27,1.565190,1.548203,-0.010853,10,reversion
GBPUSD,short,2015-08-28,2015-09-11,1.541402,1.544211,-0.001822,14,reversion
GBPUSD,short,2015-09-29,2015-10-08,1.516507,1.531558,-0.009924,9,reversion
GBPUSD,short,2015-11-06,2015-11-20,1.521005,1.528818,-0.005137,14,reversion
GBPUSD,short,2015-11-30,2015-12-10,1.503895,1.518395,-0.009642,10,reversion
GBPUSD,short,2015-12-18,2016-02-02,1.492961,1.442793,0.033603,46,reversion
GBPUSD,short,2016-02-23,2016-03-08,1.414807,1.426127,-0.008001,14,reversion
GBPUSD,long,2016-03-18,2016-03-24,1.447807,1.411692,-0.024945,6,stop
GBPUSD,short,2016-04-08,2016-04-19,1.405797,1.428980,-0.016490,11,reversion
GBPUSD,long,2016-04-20,2016-05-09,1.438952,1.443085,0.002872,19,reversion
GBPUSD,long,2016-05-26,2016-06-02,1.469832,1.441940,-0.018976,7,reversion
GBPUSD,short,2016-06-13,2016-06-20,1.418882,1.458598,-0.027990,7,stop
GBPUSD,long,2016-06-23,2016-06-27,1.478940,1.345098,-0.090498,4,stop
GBPUSD,short,2016-06-28,2016-07-15,1.323504,1.335791,-0.009284,17,reversion
GBPUSD,short,2016-08-10,2016-08-19,1.300712,1.316656,-0.012258,9,reversion
GBPUSD,long,2016-09-02,2016-09-19,1.327492,1.301626,-0.019485,17,stop
GBPUSD,short,2016-09-21,2016-11-03,1.298533,1.230466,0.052418,43,reversion
GBPUSD,long,2016-11-04,2016-11-21,1.246883,1.232438,-0.011585,17,reversion
GBPUSD,long,2016-12-02,2016-12-16,1.258970,1.242390,-0.013169,14,reversion
GBPUSD,short,2016-12-20,2017-01-06,1.239004,1.242545,-0.002858,17,reversion
GBPUSD,short,2017-01-10,2017-01-24,1.217345,1.251721,-0.028239,14,stop
GBPUSD,long,2017-01-25,2017-02-07,1.253306,1.246836,-0.005162,13,reversion
GBPUSD,short,2017-02-27,2017-03-17,1.239956,1.235117,0.003903,18,reversion
GBPUSD,long,2017-03-28,2017-04-10,1.255792,1.237517,-0.014553,13,reversion
GBPUSD,long,2017-04-19,2017-05-29,1.284456,1.281427,-0.002358,40,reversion
GBPUSD,short,2017-05-30,2017-06-28,1.281411,1.281296,0.000090,29,reversion
GBPUSD,long,2017-06-30,2017-08-09,1.301118,1.298617,-0.001922,40,reversion
GBPUSD,short,2017-08-15,2017-09-01,1.296512,1.294163,0.001812,17,reversion
GBPUSD,long,2017-09-06,2017-10-02,1.304121,1.339405,0.027056,26,reversion
GBPUSD,short,2017-10-09,2017-11-01,1.308404,1.329222,-0.015911,23,reversion
GBPUSD,short,2017-11-03,2017-11-17,1.305330,1.320045,-0.011273,14,reversion
GBPUSD,long,2017-11-23,2017-12-13,1.331682,1.331948,0.000200,20,reversion
GBPUSD,long,2018-01-01,2018-02-06,1.351607,1.394369,0.031638,36,reversion
GBPUSD,short,2018-03-01,2018-03-14,1.375421,1.397233,-0.015859,13,reversion
GBPUSD,long,2018-03-20,2018-04-06,1.402525,1.400874,-0.001177,17,reversion
GBPUSD,long,2018-04-16,2018-04-23,1.424684,1.400168,-0.017208,7,stop
GBPUSD,short,2018-04-24,2018-06-07,1.393825,1.342156,0.037070,44,reversion
GBPUSD,short,2018-06-20,2018-07-09,1.317332,1.329787,-0.009455,19,reversion
GBPUSD,short,2018-07-20,2018-08-30,1.302304,1.303594,-0.000991,41,reversion
GBPUSD,long,2018-09-13,2018-10-01,1.304546,1.303900,-0.000495,18,reversion
GBPUSD,short,2018-10-25,2018-11-06,1.288826,1.305807,-0.013176,12,reversion
GBPUSD,short,2018-12-04,2018-12-25,1.272588,1.271084,0.001182,21,reversion
GBPUSD,long,2019-01-08,2019-02-06,1.278609,1.295723,0.013385,29,reversion
GBPUSD,short,2019-02-15,2019-02-20,1.279836,1.306131,-0.020545,5,stop
GBPUSD,long,2019-02-27,2019-03-11,1.325803,1.298836,-0.020340,12,stop
GBPUSD,short,2019-04-19,2019-05-02,1.299444,1.305313,-0.004516,13,reversion
GBPUSD,long,2019-05-06,2019-05-14,1.315063,1.296311,-0.014259,8,stop
GBPUSD,short,2019-05-16,2019-06-12,1.284752,1.272443,0.009581,27,reversion
GBPUSD,short,2019-06-17,2019-06-24,1.259604,1.275087,-0.012292,7,reversion
GBPUSD,short,2019-07-08,2019-08-23,1.252552,1.225190,0.021845,46,reversion
GBPUSD,long,2019-08-28,2019-09-03,1.228320,1.206666,-0.017629,6,stop
GBPUSD,long,2019-09-06,2019-09-30,1.232392,1.229317,-0.002496,24,reversion
GBPUSD,short,2019-10-08,2019-10-11,1.228803,1.243317,-0.011811,3,reversion
GBPUSD,long,2019-10-14,2019-11-08,1.261900,1.277999,0.012758,25,reversion
GBPUSD,long,2019-12-04,2019-12-19,1.299782,1.308729,0.006884,15,reversion
GBPUSD,long,2020-02-03,2020-02-04,1.318166,1.299748,-0.013972,1,reversion
GBPUSD,short,2020-02-07,2020-03-09,1.293025,1.309929,-0.013073,31,reversion
GBPUSD,short,2020-03-13,2020-03-30,1.257024,1.245319,0.009311,17,reversion
GBPUSD,long,2020-04-13,2020-04-22,1.246106,1.229861,-0.013037,9,reversion
GBPUSD,short,2020-05-13,2020-05-27,1.225490,1.233502,-0.006538,14,reversion
GBPUSD,long,2020-06-02,2020-06-19,1.248704,1.242684,-0.004822,17,reversion
GBPUSD,short,2020-06-29,2020-07-08,1.234217,1.254280,-0.016255,9,reversion
GBPUSD,long,2020-07-21,2020-09-09,1.266175,1.296849,0.024225,50,reversion
GBPUSD,short,2020-09-11,2020-10-06,1.280830,1.299258,-0.014388,25,reversion
GBPUSD,long,2020-10-12,2020-11-02,1.303169,1.292674,-0.008053,21,reversion
GBPUSD,long,2020-11-06,2020-12-11,1.313940,1.330566,0.012654,35,reversion
GBPUSD,long,2020-12-17,2021-02-04,1.350293,1.364908,0.010824,49,reversion
GBPUSD,long,2021-02-09,2021-03-05,1.374570,1.389410,0.010796,24,reversion
GBPUSD,short,2021-03-24,2021-04-06,1.373042,1.391401,-0.013371,13,reversion
GBPUSD,long,2021-04-20,2021-06-04,1.399384,1.410994,0.008297,45,reversion
GBPUSD,short,2021-06-16,2021-07-12,1.408153,1.389951,0.012927,26,reversion
GBPUSD,short,2021-07-20,2021-07-28,1.366998,1.388272,-0.015563,8,stop
GBPUSD,long,2021-07-29,2021-08-11,1.390685,1.383604,-0.005092,13,reversion
GBPUSD,short,2021-08-20,2021-09-02,1.363085,1.377164,-0.010329,13,reversion
GBPUSD,short,2021-09-21,2021-10-14,1.366270,1.366923,-0.000478,23,reversion
GBPUSD,long,2021-10-18,2021-11-01,1.376159,1.368326,-0.005692,14,reversion
GBPUSD,short,2021-11-05,2021-12-17,1.350860,1.332374,0.013685,42,reversion
GBPUSD,short,2021-12-21,2021-12-23,1.321000,1.335203,-0.010751,2,reversion
GBPUSD,long,2021-12-24,2022-01-24,1.340662,1.355583,0.011129,31,reversion
GBPUSD,short,2022-01-27,2022-02-04,1.346801,1.359841,-0.009682,8,reversion
GBPUSD,long,2022-02-18,2022-02-25,1.361878,1.337327,-0.018027,7,stop
GBPUSD,short,2022-03-02,2022-03-23,1.333511,1.326647,0.005147,21,reversion
GBPUSD,short,2022-04-13,2022-05-23,1.300255,1.250406,0.038337,40,reversion
GBPUSD,long,2022-05-30,2022-06-13,1.262834,1.227491,-0.027987,14,stop
GBPUSD,short,2022-06-14,2022-07-26,1.214477,1.205516,0.007378,42,reversion
GBPUSD,long,2022-07-28,2022-08-16,1.216308,1.205691,-0.008729,19,reversion
GBPUSD,short,2022-08-19,2022-10-05,1.193275,1.145134,0.040343,47,reversion
GBPUSD,long,2022-10-26,2022-11-04,1.146224,1.117119,-0.025392,9,reversion
GBPUSD,long,2022-11-11,2022-12-22,1.169563,1.207740,0.032642,41,reversion
GBPUSD,short,2023-01-04,2023-01-10,1.196974,1.218487,-0.017973,6,reversion
GBPUSD,long,2023-01-13,2023-02-03,1.221777,1.222300,0.000428,21,reversion
GBPUSD,short,2023-02-06,2023-03-13,1.204515,1.207934,-0.002839,35,reversion
GBPUSD,long,2023-03-20,2023-04-18,1.218769,1.237547,0.015407,29,reversion
GBPUSD,long,2023-05-01,2023-05-15,1.255761,1.245097,-0.008492,14,reversion
GBPUSD,short,2023-05-19,2023-06-02,1.241234,1.252599,-0.009156,14,reversion
GBPUSD,long,2023-06-09,2023-06-29,1.255950,1.264254,0.006612,20,reversion
GBPUSD,long,2023-07-10,2023-07-25,1.283895,1.281263,-0.002050,15,reversion
GBPUSD,short,2023-08-04,2023-10-10,1.271634,1.225040,0.036641,67,reversion
GBPUSD,long,2023-11-06,2023-12-11,1.237379,1.255477,0.014626,35,reversion
GBPUSD,long,2023-12-15,2024-01-03,1.277139,1.262307,-0.011613,19,reversion
GBPUSD,short,2024-02-05,2024-02-22,1.262196,1.263807,-0.001276,17,reversion
GBPUSD,long,2024-03-05,2024-03-22,1.269197,1.266191,-0.002368,17,reversion
GBPUSD,short,2024-03-25,2024-04-09,1.259795,1.265871,-0.004823,15,reversion
GBPUSD,short,2024-04-11,2024-04-29,1.253761,1.251048,0.002164,18,reversion
GBPUSD,long,2024-05-14,2024-06-17,1.256187,1.268311,0.009652,34,reversion
GBPUSD,short,2024-06-21,2024-07-04,1.266047,1.274778,-0.006897,13,reversion
GBPUSD,long,2024-07-08,2024-07-26,1.280651,1.285678,0.003925,18,reversion
GBPUSD,short,2024-08-02,2024-08-14,1.272896,1.286670,-0.010821,12,reversion
GBPUSD,long,2024-08-19,2024-09-10,1.294716,1.307138,0.009594,22,reversion
GBPUSD,long,2024-09-20,2024-10-04,1.328180,1.313025,-0.011410,14,reversion
GBPUSD,short,2024-10-11,2024-11-06,1.306216,1.304359,0.001422,26,reversion
GBPUSD,short,2024-11-07,2024-11-29,1.288328,1.269680,0.014474,22,reversion
GBPUSD,long,2024-12-11,2024-12-16,1.278004,1.262738,-0.011946,5,reversion
AUDUSD,short,2010-02-03,2010-02-16,0.882223,0.901307,-0.021631,13,reversion
AUDUSD,long,2010-03-02,2010-03-24,0.904977,0.911910,0.007660,22,reversion
AUDUSD,long,2010-04-06,2010-04-27,0.927816,0.916590,-0.012099,21,reversion
AUDUSD,short,2010-05-04,2010-06-10,0.909587,0.847601,0.068147,37,reversion
AUDUSD,long,2010-06-15,2010-06-29,0.864230,0.849907,-0.016573,14,reversion
AUDUSD,long,2010-07-08,2010-08-12,0.877424,0.894214,0.019136,35,reversion
AUDUSD,short,2010-08-20,2010-09-02,0.891425,0.909835,-0.020653,13,reversion
AUDUSD,long,2010-09-07,2010-10-20,0.916758,0.970780,0.058926,43,reversion
AUDUSD,long,2010-11-03,2010-11-16,0.999001,0.983574,-0.015442,13,reversion
AUDUSD,short,2010-11-29,2010-12-06,0.965997,0.991965,-0.026882,7,reversion
AUDUSD,long,2010-12-14,2011-01-07,0.995025,0.993049,-0.001986,24,reversion
AUDUSD,short,2011-01-12,2011-01-27,0.982222,0.999300,-0.017388,15,reversion
AUDUSD,long,2011-02-02,2011-02-16,1.011081,0.997307,-0.013623,14,reversion
AUDUSD,long,2011-03-01,2011-03-11,1.018797,1.001904,-0.016581,10,reversion
AUDUSD,short,2011-03-16,2011-03-24,0.994036,1.013294,-0.019374,8,reversion
AUDUSD,long,2011-03-25,2011-05-06,1.020200,1.060603,0.039603,42,reversion
AUDUSD,short,2011-05-24,2011-05-30,1.050553,1.070698,-0.019176,6,reversion
AUDUSD,short,2011-06-24,2011-06-30,1.053596,1.069267,-0.014873,6,reversion
AUDUSD,long,2011-07-04,2011-08-05,1.077795,1.042905,-0.032372,32,stop
AUDUSD,short,2011-08-08,2011-08-29,1.038303,1.057966,-0.018938,21,reversion
AUDUSD,long,2011-09-02,2011-09-12,1.072306,1.044201,-0.026209,10,reversion
AUDUSD,short,2011-09-13,2011-10-11,1.035165,0.998403,0.035513,28,reversion
AUDUSD,long,2011-10-17,2011-11-10,1.034212,1.013901,-0.019639,24,reversion
AUDUSD,short,2011-11-17,2011-12-01,1.005298,1.025483,-0.020079,14,reversion
AUDUSD,long,2012-01-04,2012-02-16,1.037000,1.068730,0.030598,43,reversion
AUDUSD,long,2012-02-20,2012-02-22,1.080345,1.066997,-0.012356,2,reversion
AUDUSD,long,2012-03-02,2012-03-07,1.080777,1.056602,-0.022368,5,stop
AUDUSD,short,2012-03-12,2012-04-13,1.056334,1.043896,0.011775,32,reversion
AUDUSD,long,2012-04-30,2012-05-03,1.045631,1.030779,-0.014204,3,reversion
AUDUSD,short,2012-05-07,2012-06-07,1.012402,0.990884,0.021254,31,reversion
AUDUSD,long,2012-06-15,2012-08-20,1.001522,1.043722,0.042135,66,reversion
AUDUSD,short,2012-08-27,2012-09-12,1.040485,1.043047,-0.002462,16,reversion
AUDUSD,long,2012-09-14,2012-09-26,1.053519,1.036377,-0.016271,12,reversion
AUDUSD,short,2012-10-08,2012-10-17,1.017046,1.030896,-0.013618,9,reversion
AUDUSD,long,2012-11-02,2012-11-16,1.041363,1.033987,-0.007083,14,reversion
AUDUSD,long,2012-11-26,2012-12-24,1.045905,1.039696,-0.005937,28,reversion
AUDUSD,short,2012-12-25,2013-01-03,1.036796,1.049296,-0.012056,9,stop
AUDUSD,long,2013-01-11,2013-01-25,1.058033,1.044605,-0.012692,14,reversion
AUDUSD,short,2013-02-06,2013-03-12,1.039004,1.027897,0.010690,34,reversion
AUDUSD,long,2013-03-15,2013-04-08,1.038023,1.035165,-0.002753,24,reversion
AUDUSD,long,2013-04-10,2013-04-16,1.048900,1.033805,-0.014391,6,stop
AUDUSD,short,2013-04-18,2013-07-24,1.030301,0.928936,0.098384,97,reversion
AUDUSD,short,2013-08-01,2013-08-19,0.895015,0.919963,-0.027875,18,reversion
AUDUSD,long,2013-09-10,2013-09-30,0.923191,0.930146,0.007534,20,reversion
AUDUSD,long,2013-10-15,2013-10-30,0.951203,0.947867,-0.003507,15,reversion
AUDUSD,short,2013-11-11,2013-12-11,0.936944,0.914662,0.023781,30,reversion
AUDUSD,short,2013-12-13,2014-01-06,0.892538,0.896539,-0.004483,24,reversion
AUDUSD,long,2014-01-13,2014-01-17,0.901307,0.881990,-0.021432,4,stop
AUDUSD,short,2014-01-20,2014-02-05,0.877424,0.891425,-0.015957,16,reversion
AUDUSD,long,2014-02-12,2014-02-27,0.902120,0.896379,-0.006364,15,reversion
AUDUSD,long,2014-03-07,2014-04-24,0.910581,0.928850,0.020063,48,reversion
AUDUSD,short,2014-05-21,2014-06-06,0.923446,0.932662,-0.009980,16,reversion
AUDUSD,long,2014-06-11,2014-07-04,0.937207,0.935016,-0.002337,23,reversion
AUDUSD,short,2014-07-31,2014-08-28,0.932575,0.933620,-0.001120,28,reversion
AUDUSD,long,2014-08-29,2014-09-10,0.935541,0.920726,-0.015836,12,stop
AUDUSD,short,2014-09-11,2014-10-27,0.915667,0.880437,0.038475,46,reversion
AUDUSD,long,2014-10-29,2014-11-03,0.886132,0.875350,-0.012167,5,reversion
AUDUSD,short,2014-11-06,2015-01-12,0.857927,0.822233,0.041605,67,reversion
AUDUSD,long,2015-01-16,2015-01-23,0.822368,0.801989,-0.024781,7,stop
AUDUSD,short,2015-01-26,2015-02-18,0.787588,0.781189,0.008124,23,reversion
AUDUSD,short,2015-03-10,2015-03-23,0.768521,0.778392,-0.012843,13,reversion
AUDUSD,short,2015-04-03,2015-04-17,0.758208,0.778938,-0.027341,14,reversion
AUDUSD,long,2015-04-27,2015-05-21,0.783331,0.787836,0.005751,24,reversion
AUDUSD,short,2015-05-25,2015-06-19,0.781189,0.778998,0.002804,25,reversion
AUDUSD,short,2015-07-06,2015-08-10,0.748447,0.740192,0.011029,35,reversion
AUDUSD,short,2015-08-24,2015-09-15,0.725847,0.716076,0.013462,22,reversion
AUDUSD,long,2015-10-09,2015-10-23,0.726744,0.721188,-0.007645,14,reversion
AUDUSD,short,2015-11-09,2015-11-20,0.703878,0.719166,-0.021719,11,reversion
AUDUSD,long,2015-11-25,2015-12-14,0.725795,0.716486,-0.012825,19,reversion
AUDUSD,short,2015-12-18,2015-12-28,0.712809,0.728279,-0.021703,10,reversion
AUDUSD,short,2016-01-07,2016-01-29,0.708015,0.708617,-0.000850,22,reversion
AUDUSD,long,2016-02-04,2016-04-28,0.715461,0.760398,0.062809,84,reversion
AUDUSD,short,2016-05-04,2016-06-02,0.749963,0.725005,0.033278,29,reversion
AUDUSD,long,2016-06-07,2016-07-21,0.737354,0.747161,0.013299,44,reversion
AUDUSD,long,2016-08-05,2016-08-22,0.764000,0.760803,-0.004184,17,reversion
AUDUSD,short,2016-08-31,2016-09-07,0.752445,0.768817,-0.021758,7,stop
AUDUSD,short,2016-09-14,2016-09-23,0.746938,0.764935,-0.024095,9,stop
AUDUSD,long,2016-09-29,2016-10-07,0.769408,0.757805,-0.015080,8,reversion
AUDUSD,long,2016-10-20,2016-11-14,0.772618,0.754945,-0.022875,25,stop
AUDUSD,short,2016-11-17,2016-12-13,0.749457,0.749738,-0.000375,26,reversion
AUDUSD,short,2016-12-19,2017-01-05,0.729129,0.728704,0.000583,17,reversion
AUDUSD,long,2017-01-12,2017-03-01,0.744713,0.764228,0.026205,48,reversion
AUDUSD,short,2017-03-03,2017-03-16,0.757232,0.770594,-0.017647,13,stop
AUDUSD,long,2017-03-21,2017-04-04,0.773036,0.760514,-0.016199,14,reversion
AUDUSD,short,2017-04-10,2017-05-18,0.750723,0.743108,0.010143,38,reversion
AUDUSD,long,2017-06-07,2017-08-08,0.750976,0.791672,0.054190,62,reversion
AUDUSD,short,2017-08-16,2017-08-22,0.782595,0.793777,-0.014288,6,reversion
AUDUSD,long,2017-09-04,2017-09-22,0.796470,0.793059,-0.004282,18,reversion
AUDUSD,short,2017-09-27,2017-10-16,0.787761,0.788569,-0.001025,19,reversion
AUDUSD,short,2017-10-26,2017-12-14,0.770790,0.763301,0.009717,49,reversion
AUDUSD,long,2017-12-15,2018-02-05,0.766501,0.790639,0.031491,52,reversion
AUDUSD,short,2018-02-08,2018-03-12,0.781739,0.786269,-0.005795,32,reversion
AUDUSD,short,2018-03-19,2018-04-11,0.771605,0.776398,-0.006211,23,reversion
AUDUSD,long,2018-04-19,2018-04-23,0.778889,0.765990,-0.016561,4,stop
AUDUSD,short,2018-04-24,2018-05-22,0.760341,0.758265,0.002730,28,reversion
AUDUSD,long,2018-06-05,2018-06-15,0.765404,0.746547,-0.024636,10,stop
AUDUSD,short,2018-06-18,2018-07-10,0.743992,0.747049,-0.004109,22,reversion
AUDUSD,short,2018-08-03,2018-09-19,0.736008,0.722601,0.018217,47,reversion
AUDUSD,short,2018-10-04,2018-11-02,0.709623,0.720513,-0.015347,29,reversion
AUDUSD,long,2018-11-06,2018-12-10,0.721293,0.718494,-0.003880,34,reversion
AUDUSD,short,2018-12-17,2019-01-07,0.717566,0.712378,0.007231,21,reversion
AUDUSD,long,2019-01-14,2019-01-23,0.720513,0.712210,-0.011524,9,reversion
AUDUSD,long,2019-01-31,2019-02-07,0.725468,0.710995,-0.019950,7,stop
AUDUSD,short,2019-02-12,2019-02-21,0.706349,0.717000,-0.015079,9,reversion
AUDUSD,short,2019-03-07,2019-03-19,0.703482,0.709975,-0.009230,12,reversion
AUDUSD,long,2019-04-11,2019-04-24,0.716692,0.709668,-0.009800,13,reversion
AUDUSD,short,2019-04-25,2019-06-04,0.701459,0.697204,0.006066,40,reversion
AUDUSD,long,2019-06-10,2019-06-17,0.699589,0.687890,-0.016723,7,stop
AUDUSD,short,2019-06-18,2019-06-25,0.685401,0.696568,-0.016293,7,stop
AUDUSD,long,2019-06-28,2019-07-10,0.700378,0.692713,-0.010945,12,reversion
AUDUSD,long,2019-07-16,2019-07-26,0.704002,0.695217,-0.012479,10,reversion
AUDUSD,short,2019-07-29,2019-09-05,0.690622,0.679995,0.015388,38,reversion
AUDUSD,long,2019-09-06,2019-09-20,0.681180,0.679279,-0.002792,14,reversion
AUDUSD,short,2019-10-02,2019-10-14,0.670871,0.679639,-0.013069,12,reversion
AUDUSD,long,2019-10-18,2019-11-13,0.682547,0.684400,0.002714,26,reversion
AUDUSD,short,2019-11-15,2019-12-04,0.678831,0.684870,-0.008896,19,reversion
AUDUSD,long,2019-12-12,2020-01-08,0.687049,0.686040,-0.001469,27,reversion
AUDUSD,short,2020-01-22,2020-03-30,0.684690,0.618058,0.097316,68,reversion
AUDUSD,long,2020-04-10,2020-06-22,0.633260,0.682291,0.077426,73,reversion
AUDUSD,long,2020-07-09,2020-09-23,0.698910,0.717443,0.026517,76,reversion
AUDUSD,short,2020-09-24,2020-10-12,0.706900,0.722460,-0.022011,18,reversion
AUDUSD,short,2020-10-30,2020-11-04,0.703760,0.719683,-0.022626,5,stop
AUDUSD,long,2020-11-06,2021-01-28,0.726270,0.765100,0.053464,83,reversion
AUDUSD,short,2021-02-01,2021-02-12,0.761998,0.775400,-0.017588,11,reversion
AUDUSD,long,2021-02-15,2021-03-05,0.776410,0.771560,-0.006246,18,reversion
AUDUSD,short,2021-03-09,2021-03-18,0.765667,0.781300,-0.020417,9,reversion
AUDUSD,short,2021-03-24,2021-04-07,0.760470,0.766695,-0.008185,14,reversion
AUDUSD,long,2021-04-20,2021-05-20,0.776700,0.772030,-0.006013,30,reversion
AUDUSD,short,2021-05-31,2021-06-08,0.771010,0.775630,-0.005992,8,reversion
AUDUSD,short,2021-06-17,2021-08-04,0.761673,0.739680,0.028874,48,reversion
AUDUSD,short,2021-08-09,2021-09-01,0.733783,0.731790,0.002716,23,reversion
AUDUSD,long,2021-09-06,2021-09-15,0.744502,0.731710,-0.017182,9,reversion
AUDUSD,short,2021-09-22,2021-10-08,0.722800,0.731680,-0.012286,16,reversion
AUDUSD,long,2021-10-14,2021-11-03,0.738607,0.743900,0.007166,20,reversion
AUDUSD,short,2021-11-11,2021-12-17,0.733412,0.717561,0.021613,36,reversion
AUDUSD,long,2021-12-23,2022-01-07,0.721400,0.716260,-0.007125,15,reversion
AUDUSD,long,2022-01-13,2022-01-25,0.728221,0.715450,-0.017537,12,reversion
AUDUSD,short,2022-01-27,2022-02-10,0.712300,0.717741,-0.007639,14,reversion
AUDUSD,long,2022-02-23,2022-03-15,0.722690,0.719870,-0.003902,20,reversion
AUDUSD,long,2022-03-21,2022-04-08,0.740999,0.747848,0.009243,18,reversion
AUDUSD,short,2022-04-18,2022-05-23,0.739382,0.706289,0.044758,35,reversion
AUDUSD,long,2022-06-03,2022-06-10,0.726900,0.709819,-0.023499,7,reversion
AUDUSD,short,2022-06-14,2022-07-20,0.694160,0.689798,0.006284,36,reversion
AUDUSD,long,2022-07-26,2022-08-22,0.695120,0.687711,-0.010660,27,reversion
AUDUSD,short,2022-08-29,2022-10-24,0.686691,0.637190,0.072085,56,reversion
AUDUSD,long,2022-11-09,2022-12-19,0.650919,0.668749,0.027392,40,reversion
AUDUSD,long,2023-01-09,2023-02-06,0.689398,0.692080,0.003889,28,reversion
AUDUSD,short,2023-02-07,2023-04-04,0.688780,0.678850,0.014417,56,reversion
AUDUSD,short,2023-04-26,2023-05-08,0.663640,0.674768,-0.016769,12,reversion
AUDUSD,short,2023-05-25,2023-06-07,0.654510,0.667909,-0.020471,13,reversion
AUDUSD,long,2023-06-09,2023-06-26,0.671260,0.668052,-0.004779,17,reversion
AUDUSD,long,2023-07-14,2023-07-28,0.688862,0.671186,-0.025659,14,stop
AUDUSD,short,2023-08-02,2023-09-01,0.661761,0.648841,0.019524,30,reversion
AUDUSD,short,2023-09-06,2023-09-20,0.637540,0.646600,-0.014212,14,reversion
AUDUSD,short,2023-09-28,2023-10-31,0.634760,0.637100,-0.003687,33,reversion
AUDUSD,long,2023-11-06,2023-11-10,0.651687,0.636170,-0.023810,4,stop
AUDUSD,long,2023-11-21,2024-01-04,0.656400,0.673600,0.026204,44,reversion
AUDUSD,short,2024-01-16,2024-02-19,0.665040,0.653791,0.016914,34,reversion
AUDUSD,long,2024-03-07,2024-03-25,0.656630,0.651580,-0.007690,18,reversion
AUDUSD,short,2024-04-02,2024-04-05,0.648790,0.658770,-0.015382,3,reversion
AUDUSD,long,2024-04-10,2024-04-15,0.662850,0.647580,-0.023036,5,stop
AUDUSD,short,2024-04-16,2024-04-29,0.644250,0.654140,-0.015351,13,reversion
AUDUSD,long,2024-05-15,2024-06-10,0.662603,0.658271,-0.006537,26,reversion
AUDUSD,long,2024-07-04,2024-07-19,0.671090,0.670550,-0.000805,15,reversion
AUDUSD,short,2024-07-23,2024-08-09,0.664011,0.659200,0.007245,17,reversion
AUDUSD,long,2024-08-20,2024-09-09,0.673532,0.667080,-0.009579,20,reversion
AUDUSD,long,2024-09-20,2024-10-07,0.680958,0.680059,-0.001319,17,reversion
AUDUSD,short,2024-10-16,2024-11-08,0.668208,0.667682,0.000788,23,reversion
USDCAD,long,2010-02-04,2010-02-11,1.072000,1.050200,-0.020336,7,stop
USDCAD,short,2010-02-19,2010-02-25,1.039200,1.060900,-0.020881,6,stop
USDCAD,short,2010-03-02,2010-03-25,1.034510,1.023690,0.010459,23,reversion
USDCAD,short,2010-04-01,2010-04-16,1.008300,1.012700,-0.004364,15,reversion
USDCAD,short,2010-04-20,2010-04-27,0.997900,1.015700,-0.017837,7,reversion
USDCAD,long,2010-04-30,2010-06-02,1.018000,1.038800,0.020432,33,reversion
USDCAD,short,2010-06-15,2010-06-24,1.025600,1.042500,-0.016478,9,reversion
USDCAD,long,2010-06-30,2010-07-09,1.062600,1.033400,-0.027480,9,stop
USDCAD,short,2010-07-30,2010-08-12,1.029200,1.047600,-0.017878,13,reversion
USDCAD,long,2010-08-23,2010-09-06,1.048700,1.039000,-0.009249,14,reversion
USDCAD,short,2010-09-15,2010-09-24,1.026900,1.034000,-0.006914,9,reversion
USDCAD,short,2010-09-27,2010-10-20,1.024340,1.033000,-0.008454,23,reversion
USDCAD,short,2010-11-05,2010-11-17,1.002430,1.021800,-0.019323,12,reversion
USDCAD,long,2010-12-01,2010-12-03,1.025500,1.003300,-0.021648,2,stop
USDCAD,short,2010-12-29,2011-01-31,1.002090,1.002300,-0.000210,33,reversion
USDCAD,short,2011-02-14,2011-03-16,0.987000,0.983600,0.003445,30,reversion
USDCAD,long,2011-03-17,2011-03-30,0.992400,0.974210,-0.018329,13,stop
USDCAD,short,2011-04-04,2011-05-05,0.963000,0.958000,0.005192,31,reversion
USDCAD,long,2011-05-06,2011-06-30,0.966060,0.967400,0.001387,55,reversion
USDCAD,short,2011-07-01,2011-08-03,0.963800,0.961500,0.002386,33,reversion
USDCAD,long,2011-08-05,2011-08-30,0.980700,0.976100,-0.004691,25,reversion
USDCAD,short,2011-09-02,2011-09-06,0.976000,0.991200,-0.015574,4,reversion
USDCAD,long,2011-09-12,2011-09-19,0.997800,0.981700,-0.016135,7,reversion
USDCAD,long,2011-09-22,2011-10-13,1.005740,1.017800,0.011991,21,reversion
USDCAD,short,2011-10-24,2011-11-02,1.009300,1.020600,-0.011196,9,reversion
USDCAD,long,2011-11-10,2011-12-01,1.023800,1.018000,-0.005665,21,reversion
USDCAD,short,2011-12-07,2011-12-14,1.009040,1.034400,-0.025133,7,stop
USDCAD,short,2012-01-24,2012-03-07,1.007390,1.001100,0.006244,43,reversion
USDCAD,long,2012-04-11,2012-04-18,1.004800,0.988900,-0.015824,7,stop
USDCAD,short,2012-04-25,2012-05-07,0.986700,0.998100,-0.011554,12,reversion
USDCAD,long,2012-05-11,2012-06-11,1.002900,1.021500,0.018546,31,reversion
USDCAD,short,2012-06-20,2012-06-29,1.017800,1.033400,-0.015327,9,reversion
USDCAD,short,2012-07-03,2012-07-25,1.016900,1.022430,-0.005438,22,reversion
USDCAD,short,2012-07-30,2012-08-24,1.004200,0.993960,0.010197,25,reversion
USDCAD,short,2012-09-03,2012-09-25,0.986000,0.977960,0.008154,22,reversion
USDCAD,long,2012-10-22,2012-11-07,0.994210,0.991900,-0.002323,16,reversion
USDCAD,long,2012-11-14,2012-11-22,1.001720,0.995730,-0.005980,8,reversion
USDCAD,short,2012-12-06,2012-12-24,0.991800,0.993700,-0.001916,18,reversion
USDCAD,long,2012-12-27,2013-01-03,0.993810,0.985600,-0.008261,7,stop
USDCAD,short,2013-01-11,2013-01-21,0.983230,0.991990,-0.008909,10,reversion
USDCAD,long,2013-01-24,2013-03-15,0.999700,1.022100,0.022407,50,reversion
USDCAD,short,2013-03-26,2013-04-16,1.021500,1.023030,-0.001498,21,reversion
USDCAD,long,2013-04-18,2013-04-30,1.026100,1.011700,-0.014034,12,stop
USDCAD,short,2013-05-01,2013-05-15,1.006710,1.018200,-0.011413,14,reversion
USDCAD,long,2013-05-20,2013-06-07,1.028100,1.027500,-0.000584,18,reversion
USDCAD,short,2013-06-14,2013-06-21,1.015700,1.037400,-0.021365,7,stop
USDCAD,long,2013-06-24,2013-07-11,1.048000,1.038200,-0.009351,17,reversion
USDCAD,short,2013-07-22,2013-08-05,1.035300,1.038750,-0.003332,14,reversion
USDCAD,long,2013-08-22,2013-09-09,1.048300,1.041300,-0.006677,18,reversion
USDCAD,short,2013-09-18,2013-10-01,1.029500,1.032370,-0.002788,13,reversion
USDCAD,long,2013-10-09,2013-10-21,1.035500,1.029460,-0.005833,12,reversion
USDCAD,short,2013-10-23,2013-10-25,1.029000,1.041710,-0.012352,2,stop
USDCAD,long,2013-10-28,2013-12-16,1.044100,1.058810,0.014089,49,reversion
USDCAD,long,2013-12-19,2014-02-10,1.071470,1.103690,0.030071,53,reversion
USDCAD,short,2014-02-19,2014-02-21,1.095140,1.110370,-0.013907,2,reversion
USDCAD,long,2014-03-20,2014-03-28,1.124550,1.102960,-0.019199,8,stop
USDCAD,short,2014-04-07,2014-04-21,1.097990,1.102080,-0.003725,14,reversion
USDCAD,short,2014-05-09,2014-05-21,1.083020,1.090840,-0.007221,12,reversion
USDCAD,long,2014-06-04,2014-06-17,1.091600,1.084910,-0.006129,13,reversion
USDCAD,short,2014-06-19,2014-07-14,1.083500,1.072730,0.009940,25,reversion
USDCAD,long,2014-07-28,2014-08-18,1.081050,1.089230,0.007567,21,reversion
USDCAD,long,2014-08-25,2014-08-28,1.096890,1.086750,-0.009244,3,reversion
USDCAD,short,2014-08-29,2014-09-09,1.085500,1.098100,-0.011608,11,stop
USDCAD,long,2014-09-12,2014-10-29,1.103610,1.116800,0.011952,47,reversion
USDCAD,long,2014-11-04,2014-11-24,1.135760,1.123020,-0.011217,20,reversion
USDCAD,long,2014-12-01,2015-02-18,1.145390,1.239080,0.081797,79,reversion
USDCAD,long,2015-03-10,2015-03-24,1.262100,1.252100,-0.007923,14,reversion
USDCAD,short,2015-04-06,2015-05-19,1.247500,1.214500,0.026453,43,reversion
USDCAD,long,2015-05-25,2015-06-10,1.229500,1.234000,0.003660,16,reversion
USDCAD,long,2015-07-02,2015-09-17,1.259110,1.316800,0.045818,77,reversion
USDCAD,long,2015-09-24,2015-10-05,1.332500,1.316700,-0.011857,11,reversion
USDCAD,short,2015-10-06,2015-10-22,1.308300,1.313350,-0.003860,16,reversion
USDCAD,long,2015-11-09,2016-01-25,1.329600,1.414060,0.063523,77,reversion
USDCAD,short,2016-02-04,2016-05-05,1.379420,1.286200,0.067579,91,reversion
USDCAD,long,2016-05-19,2016-06-06,1.302300,1.295930,-0.004891,18,reversion
USDCAD,short,2016-06-07,2016-06-27,1.281370,1.302100,-0.016178,20,reversion
USDCAD,long,2016-07-12,2016-08-05,1.312300,1.301540,-0.008199,24,reversion
USDCAD,short,2016-08-16,2016-08-29,1.292750,1.301480,-0.006753,13,reversion
USDCAD,long,2016-09-14,2016-10-18,1.315770,1.311480,-0.003260,34,reversion
USDCAD,long,2016-10-24,2016-11-09,1.335300,1.329550,-0.004306,16,reversion
USDCAD,long,2016-11-11,2016-11-29,1.347040,1.340330,-0.004981,18,reversion
USDCAD,short,2016-12-06,2016-12-16,1.327200,1.333310,-0.004604,10,reversion
USDCAD,long,2016-12-26,2017-01-05,1.352020,1.329900,-0.016361,10,stop
USDCAD,short,2017-01-12,2017-01-20,1.316320,1.332150,-0.012026,8,reversion
USDCAD,short,2017-02-01,2017-02-08,1.303600,1.319030,-0.011837,7,reversion
USDCAD,long,2017-03-01,2017-03-16,1.331130,1.329680,-0.001089,15,reversion
USDCAD,short,2017-04-13,2017-04-20,1.324250,1.348300,-0.018161,7,stop
USDCAD,long,2017-04-25,2017-05-16,1.354900,1.362830,0.005853,21,reversion
USDCAD,short,2017-05-23,2017-06-09,1.349190,1.352210,-0.002238,17,reversion
USDCAD,short,2017-06-13,2017-08-07,1.331140,1.264100,0.050363,55,reversion
USDCAD,long,2017-08-11,2017-08-21,1.273940,1.258570,-0.012065,10,reversion
USDCAD,short,2017-09-04,2017-09-21,1.237850,1.234540,0.002674,17,reversion
USDCAD,long,2017-10-03,2017-11-10,1.251700,1.267830,0.012886,38,reversion
USDCAD,long,2017-12-01,2017-12-05,1.289140,1.267700,-0.016631,4,stop
USDCAD,short,2017-12-28,2018-02-06,1.264970,1.253590,0.008996,40,reversion
USDCAD,long,2018-02-08,2018-03-27,1.256500,1.283610,0.021576,47,reversion
USDCAD,short,2018-04-04,2018-04-24,1.280620,1.284400,-0.002952,20,reversion
USDCAD,long,2018-05-03,2018-05-11,1.288200,1.276980,-0.008710,8,reversion
USDCAD,long,2018-05-28,2018-07-02,1.297610,1.314780,0.013232,35,reversion
USDCAD,short,2018-07-26,2018-08-13,1.303710,1.315000,-0.008660,18,reversion
USDCAD,short,2018-08-28,2018-09-05,1.296330,1.317430,-0.016277,8,stop
USDCAD,long,2018-09-06,2018-09-19,1.317440,1.297160,-0.015393,13,stop
USDCAD,short,2018-10-01,2018-10-11,1.284060,1.305090,-0.016378,10,stop
USDCAD,long,2018-10-19,2019-01-01,1.307890,1.339430,0.024115,74,reversion
USDCAD,long,2019-01-02,2019-01-07,1.362540,1.336930,-0.018796,5,stop
USDCAD,short,2019-01-08,2019-01-23,1.329600,1.335600,-0.004513,15,reversion
USDCAD,short,2019-01-31,2019-03-04,1.314100,1.328360,-0.010851,32,reversion
USDCAD,long,2019-03-05,2019-03-21,1.331190,1.328600,-0.001946,16,reversion
USDCAD,long,2019-04-25,2019-05-21,1.349300,1.342720,-0.004877,26,reversion
USDCAD,long,2019-05-29,2019-06-05,1.348750,1.339040,-0.007199,7,reversion
USDCAD,short,2019-06-07,2019-07-23,1.335400,1.312600,0.017074,46,reversion
USDCAD,long,2019-07-25,2019-09-05,1.314280,1.322530,0.006277,42,reversion
USDCAD,short,2019-09-09,2019-09-19,1.316800,1.329400,-0.009569,10,reversion
USDCAD,long,2019-10-03,2019-10-14,1.332830,1.319900,-0.009701,11,reversion
USDCAD,short,2019-10-18,2019-11-01,1.313580,1.316750,-0.002413,14,reversion
USDCAD,long,2019-11-12,2019-12-05,1.323200,1.319270,-0.002970,23,reversion
USDCAD,short,2019-12-06,2020-01-15,1.317600,1.306550,0.008386,40,reversion
USDCAD,long,2020-01-27,2020-02-18,1.315900,1.323500,0.005776,22,reversion
USDCAD,long,2020-02-27,2020-04-08,1.334530,1.401400,0.050108,41,reversion
USDCAD,short,2020-04-14,2020-04-21,1.387310,1.412920,-0.018460,7,reversion
USDCAD,short,2020-05-27,2020-06-25,1.378250,1.364380,0.010063,29,reversion
USDCAD,short,2020-07-22,2020-09-09,1.344780,1.323910,0.015519,49,reversion
USDCAD,long,2020-09-22,2020-10-06,1.330000,1.325700,-0.003233,14,reversion
USDCAD,short,2020-10-12,2020-10-29,1.313000,1.331050,-0.013747,17,stop
USDCAD,long,2020-11-02,2020-11-04,1.336790,1.310210,-0.019883,2,stop
USDCAD,short,2020-11-06,2020-12-22,1.308210,1.285320,0.017497,46,reversion
USDCAD,short,2021-01-01,2021-01-04,1.234990,1.272210,-0.030138,3,stop
USDCAD,long,2021-01-28,2021-02-11,1.281600,1.269600,-0.009363,14,reversion
USDCAD,short,2021-02-22,2021-03-26,1.259870,1.260180,-0.000246,32,reversion
USDCAD,short,2021-04-22,2021-06-14,1.250370,1.215800,0.027648,53,reversion
USDCAD,long,2021-06-16,2021-07-30,1.218560,1.244930,0.021640,44,reversion
USDCAD,long,2021-08-19,2021-09-03,1.266310,1.255180,-0.008789,15,reversion
USDCAD,long,2021-09-21,2021-10-04,1.280240,1.262500,-0.013857,13,reversion
USDCAD,short,2021-10-06,2021-11-03,1.258270,1.240800,0.013884,28,reversion
USDCAD,long,2021-11-11,2021-12-08,1.248650,1.264580,0.012758,27,reversion
USDCAD,long,2021-12-15,2021-12-31,1.286710,1.274440,-0.009536,16,reversion
USDCAD,short,2022-01-10,2022-01-27,1.264690,1.265850,-0.000917,17,reversion
USDCAD,long,2022-02-23,2022-03-01,1.276710,1.266650,-0.007880,6,reversion
USDCAD,short,2022-03-03,2022-03-09,1.264610,1.288900,-0.019207,6,stop
USDCAD,short,2022-03-18,2022-04-07,1.263160,1.256380,0.005368,20,reversion
USDCAD,long,2022-04-25,2022-05-24,1.272100,1.278710,0.005196,29,reversion
USDCAD,short,2022-05-30,2022-06-13,1.272370,1.279760,-0.005808,14,reversion
USDCAD,long,2022-06-14,2022-06-28,1.289000,1.286900,-0.001629,14,reversion
USDCAD,long,2022-07-06,2022-07-20,1.303480,1.287090,-0.012574,14,reversion
USDCAD,short,2022-07-26,2022-08-08,1.285070,1.294450,-0.007299,13,reversion
USDCAD,short,2022-08-11,2022-08-19,1.277400,1.294710,-0.013551,8,reversion
USDCAD,long,2022-08-22,2022-09-13,1.300030,1.297990,-0.001569,22,reversion
USDCAD,long,2022-09-14,2022-10-24,1.316260,1.364620,0.036740,40,reversion
USDCAD,short,2022-11-07,2022-11-29,1.351250,1.348990,0.001673,22,reversion
USDCAD,long,2022-12-06,2022-12-28,1.358800,1.352500,-0.004637,22,reversion
USDCAD,short,2023-01-05,2023-02-06,1.348510,1.339970,0.006333,32,reversion
USDCAD,long,2023-02-17,2023-03-28,1.347300,1.365410,0.013442,39,reversion
USDCAD,short,2023-03-30,2023-04-24,1.356310,1.353840,0.001821,25,reversion
USDCAD,long,2023-04-26,2023-05-08,1.361840,1.338000,-0.017506,12,stop
USDCAD,long,2023-05-26,2023-06-02,1.364320,1.344300,-0.014674,7,stop
USDCAD,short,2023-06-08,2023-07-06,1.337160,1.328590,0.006409,28,reversion
USDCAD,long,2023-07-07,2023-07-13,1.336540,1.318280,-0.013662,6,stop
USDCAD,short,2023-07-14,2023-07-28,1.311250,1.322700,-0.008732,14,reversion
USDCAD,long,2023-08-07,2023-09-01,1.337300,1.350970,0.010222,25,reversion
USDCAD,long,2023-09-06,2023-09-19,1.363890,1.348700,-0.011137,13,stop
USDCAD,short,2023-09-20,2023-10-02,1.344270,1.357370,-0.009745,12,reversion
USDCAD,long,2023-10-04,2023-11-06,1.370910,1.366060,-0.003538,33,reversion
USDCAD,short,2023-11-27,2024-01-05,1.363050,1.335500,0.020212,39,reversion
USDCAD,long,2024-01-15,2024-01-30,1.340940,1.341140,0.000149,15,reversion
USDCAD,long,2024-02-06,2024-03-08,1.354300,1.345200,-0.006719,31,reversion
USDCAD,long,2024-03-25,2024-04-26,1.361150,1.365800,0.003416,32,reversion
USDCAD,short,2024-05-15,2024-05-24,1.365280,1.373210,-0.005808,9,reversion
USDCAD,long,2024-06-10,2024-06-25,1.375900,1.365790,-0.007348,15,reversion
USDCAD,short,2024-07-04,2024-07-18,1.363330,1.367870,-0.003330,14,reversion
USDCAD,long,2024-07-23,2024-08-08,1.376120,1.375470,-0.000472,16,reversion
USDCAD,short,2024-08-19,2024-09-09,1.367830,1.356210,0.008495,21,reversion
USDCAD,long,2024-09-19,2024-09-24,1.361070,1.352950,-0.005966,5,reversion
USDCAD,short,2024-09-25,2024-10-04,1.342100,1.354820,-0.009478,9,stop
